$timescale 10 us $end
$var wire 1 ! D0 $end
$var wire 1 " D1 $end
$var wire 1 # D2 $end
$var wire 1 $ D3 $end
$var wire 1 % D4 $end
$var wire 1 & D5 $end
$var wire 1 ' D6 $end
$var wire 1 ( D7 $end
$upscope $end
$enddefinitions $end
#0 0! 1" 0# 1$ 1% 1& 1' 1(
#415477 1! 1#
#480392 0!
#480396 1!
#586717 0#
#586759 1#
#586769 0#
#586790 1#
#586800 0#
#586811 1#
#586821 0#
#586832 1#
#586873 0#
#586884 1#
#586904 0#
#586915 1#
#586925 0#
#586936 1#
#586946 0#
#586988 1#
#586998 0#
#587019 1#
#587029 0#
#587092 1#
#587102 0#
#587123 1#
#587134 0#
#587175 1#
#587186 0#
#587206 1#
#587217 0#
#587227 1#
#587238 0#
#587248 1#
#587290 0#
#587300 1#
#587321 0#
#587331 1#
#587342 0#
#587352 1#
#587363 0#
#587404 1#
#587415 0#
#587436 1#
#587446 0#
#587508 1#
#587519 0#
#587540 1#
#587550 0#
#587592 1#
#587602 0#
#587623 1#
#587633 0#
#587644 1#
#587654 0#
#587665 1#
#587706 0#
#587717 1#
#587738 0#
#587748 1#
#587758 0#
#587769 1#
#587779 0#
#587821 1#
#587831 0#
#587852 1#
#587863 0#
#587925 1#
#587935 0#
#587956 1#
#587967 0#
#587977 1#
#588008 0#
#588019 1#
#588029 0#
#588040 1#
#588050 0#
#588060 1#
#588071 0#
#588081 1#
#588092 0#
#588102 1#
#588113 0#
#588133 1#
#588154 0#
#588165 1#
#588175 0#
#588206 1#
#588227 0#
#588238 1#
#588258 0#
#588269 1#
#588279 0#
#588290 1#
#588310 0#
#588342 1#
#588362 0#
#588373 1#
#588383 0#
#588394 1#
#588435 0#
#588446 1#
#588467 0#
#588477 1#
#588487 0#
#588498 1#
#588508 0#
#588519 1#
#588540 0#
#588550 1#
#588571 0#
#588581 1#
#588592 0#
#588602 1#
#588612 0#
#588623 1#
#588633 0#
#588654 1#
#588675 0#
#588685 1#
#588696 0#
#588758 1#
#588769 0#
#588789 1#
#588800 0#
#588831 1#
#588842 0#
#588852 1#
#588883 0#
#588894 1#
#588904 0#
#588914 1#
#588956 0#
#588967 1#
#588987 0#
#588998 1#
#589008 0#
#589071 1#
#589081 0#
#589102 1#
#589112 0#
#589133 1#
#589144 0#
#589154 1#
#589164 0#
#589175 1#
#589185 0#
#589206 1#
#589216 0#
#589227 1#
#589248 0#
#589269 1#
#589279 0#
#589289 1#
#589300 0#
#589310 1#
#589321 0#
#589331 1#
#589341 0#
#589383 1#
#589404 0#
#589414 1#
#589425 0#
#589446 1#
#589477 0#
#589487 1#
#589508 0#
#589519 1#
#589529 0#
#589560 1#
#589571 0#
#589581 1#
#589612 0#
#589623 1#
#589633 0#
#589643 1#
#589654 0#
#589696 1#
#589716 0#
#589727 1#
#589737 0#
#589748 1#
#589789 0#
#589810 1#
#589821 0#
#589831 1#
#589841 0#
#589852 1#
#589873 0#
#589893 1#
#589904 0#
#589914 1#
#589925 0#
#589935 1#
#589946 0#
#589966 1#
#589977 0#
#589987 1#
#589998 0#
#590008 1#
#590018 0#
#590039 1#
#590050 0#
#590112 1#
#590123 0#
#590143 1#
#590154 0#
#590164 1#
#590175 0#
#590185 1#
#590206 0#
#590216 1#
#590227 0#
#590248 1#
#590258 0#
#590320 1#
#590331 0#
#590352 1#
#590362 0#
#590383 1#
#590404 0#
#590414 1#
#590425 0#
#590435 1#
#590445 0#
#590456 1#
#590466 0#
#590477 1#
#590487 0#
#590497 1#
#590508 0#
#590529 1#
#590550 0#
#590560 1#
#590570 0#
#590591 1#
#590602 0#
#590622 1#
#590654 0#
#590664 1#
#590675 0#
#590685 1#
#590706 0#
#590727 1#
#590758 0#
#590768 1#
#590779 0#
#590789 1#
#590800 0#
#590820 1#
#590831 0#
#590841 1#
#590862 0#
#590872 1#
#590883 0#
#590893 1#
#590935 0#
#590945 1#
#590966 0#
#590977 1#
#590987 0#
#591008 1#
#591039 0#
#591049 1#
#591070 0#
#591081 1#
#591091 0#
#591154 1#
#591164 0#
#591185 1#
#591195 0#
#591216 1#
#591227 0#
#591247 1#
#591268 0#
#591289 1#
#591299 0#
#591351 1#
#591372 0#
#591393 1#
#591404 0#
#591424 1#
#591435 0#
#591456 1#
#591476 0#
#591497 1#
#591508 0#
#591518 1#
#591529 0#
#591539 1#
#591549 0#
#591560 1#
#591581 0#
#591601 1#
#591612 0#
#591633 1#
#591664 0#
#591674 1#
#591685 0#
#591706 1#
#591716 0#
#591726 1#
#591737 0#
#591768 1#
#591789 0#
#591810 1#
#591820 0#
#591841 1#
#591851 0#
#591872 1#
#591893 0#
#591914 1#
#591924 0#
#591945 1#
#591976 0#
#591987 1#
#591997 0#
#592018 1#
#592028 0#
#592049 1#
#592060 0#
#592081 1#
#592101 0#
#592122 1#
#592133 0#
#592143 1#
#592153 0#
#592164 1#
#592174 0#
#592185 1#
#592205 0#
#592226 1#
#592237 0#
#592247 1#
#592258 0#
#592268 1#
#592289 0#
#592330 1#
#592341 0#
#592362 1#
#592372 0#
#592383 1#
#592393 0#
#592435 1#
#592445 0#
#592455 1#
#592476 0#
#592518 1#
#592528 0#
#592539 1#
#592549 0#
#592560 1#
#592601 0#
#592612 1#
#592632 0#
#592643 1#
#592653 0#
#592664 1#
#592674 0#
#592685 1#
#592705 0#
#592716 1#
#592737 0#
#592747 1#
#592757 0#
#592768 1#
#592778 0#
#592789 1#
#592810 0#
#592820 1#
#592841 0#
#592851 1#
#592862 0#
#592872 1#
#592882 0#
#592924 1#
#592945 0#
#592955 1#
#592966 0#
#592987 1#
#593018 0#
#593028 1#
#593049 0#
#593059 1#
#593070 0#
#593101 1#
#593112 0#
#593132 1#
#593153 0#
#593164 1#
#593174 0#
#593237 1#
#593247 0#
#593268 1#
#593278 0#
#593309 1#
#593330 0#
#593341 1#
#593362 0#
#593372 1#
#593382 0#
#593393 1#
#593403 0#
#593424 1#
#593434 0#
#593445 1#
#593466 0#
#593476 1#
#593486 0#
#593507 1#
#593539 0#
#593549 1#
#593570 0#
#593580 1#
#593591 0#
#593601 1#
#593611 0#
#593622 1#
#593632 0#
#593653 1#
#593674 0#
#593684 1#
#593695 0#
#593716 1#
#593726 0#
#593736 1#
#593768 0#
#593789 1#
#593799 0#
#593861 1#
#593872 0#
#593893 1#
#593903 0#
#593924 1#
#593934 0#
#593976 1#
#593986 0#
#593997 1#
#594007 0#
#594018 1#
#594059 0#
#594080 1#
#594091 0#
#594101 1#
#594111 0#
#594122 1#
#594163 0#
#594184 1#
#594195 0#
#594205 1#
#594216 0#
#594247 1#
#594257 0#
#594268 1#
#594278 0#
#594288 1#
#594299 0#
#594309 1#
#594320 0#
#594330 1#
#594382 0#
#594393 1#
#594403 0#
#594413 1#
#594424 0#
#594434 1#
#594445 0#
#594465 1#
#594476 0#
#594497 1#
#594507 0#
#594518 1#
#594528 0#
#594538 1#
#594549 0#
#594559 1#
#594580 0#
#594601 1#
#594611 0#
#594622 1#
#594632 0#
#594643 1#
#594653 0#
#594705 1#
#594715 0#
#594726 1#
#594736 0#
#594747 1#
#594778 0#
#594809 1#
#594820 0#
#594830 1#
#594840 0#
#594851 1#
#594861 0#
#594872 1#
#594882 0#
#594913 1#
#594924 0#
#594934 1#
#594945 0#
#594955 1#
#594965 0#
#594976 1#
#595017 0#
#595038 1#
#595049 0#
#595059 1#
#595101 0#
#595111 1#
#595122 0#
#595142 1#
#595153 0#
#595174 1#
#595184 0#
#595215 1#
#595236 0#
#595247 1#
#595257 0#
#595267 1#
#595309 0#
#595319 1#
#595340 0#
#595351 1#
#595361 0#
#595372 1#
#595413 0#
#595424 1#
#595444 0#
#595455 1#
#595465 0#
#595497 1#
#595507 0#
#595517 1#
#595549 0#
#595559 1#
#595569 0#
#595580 1#
#595622 0#
#595632 1#
#595642 0#
#595663 1#
#595674 0#
#595694 1#
#595715 0#
#595726 1#
#595757 0#
#595767 1#
#595778 0#
#595788 1#
#595799 0#
#595809 1#
#595830 0#
#595840 1#
#595861 0#
#595871 1#
#595882 0#
#595913 1#
#595934 0#
#595944 1#
#595965 0#
#595976 1#
#595986 0#
#595996 1#
#596007 0#
#596028 1#
#596038 0#
#596049 1#
#596069 0#
#596080 1#
#596090 0#
#596111 1#
#596142 0#
#596153 1#
#596173 0#
#596184 1#
#596194 0#
#596205 1#
#596215 0#
#596226 1#
#596236 0#
#596246 1#
#596278 0#
#596288 1#
#596298 0#
#596319 1#
#596330 0#
#596340 1#
#596382 0#
#596392 1#
#596403 0#
#596413 1#
#596423 0#
#596434 1#
#596455 0#
#596465 1#
#596476 0#
#596496 1#
#596507 0#
#596517 1#
#596538 0#
#596569 1#
#596590 0#
#596600 1#
#596611 0#
#596653 1#
#596663 0#
#596673 1#
#596694 0#
#596705 1#
#596715 0#
#596736 1#
#596746 0#
#596767 1#
#596798 0#
#596809 1#
#596819 0#
#596830 1#
#596840 0#
#596861 1#
#596871 0#
#596882 1#
#596903 0#
#596913 1#
#596923 0#
#596934 1#
#596955 0#
#596975 1#
#597007 0#
#597017 1#
#597027 0#
#597059 1#
#597069 0#
#597080 1#
#597111 0#
#597121 1#
#597132 0#
#597142 1#
#597152 0#
#597163 1#
#597184 0#
#597194 1#
#597215 0#
#597225 1#
#597236 0#
#597246 1#
#597257 0#
#597298 1#
#597319 0#
#597330 1#
#597340 0#
#597350 1#
#597371 0#
#597392 1#
#597423 0#
#597434 1#
#597444 0#
#597507 1#
#597517 0#
#597538 1#
#597548 0#
#597569 1#
#597579 0#
#597600 1#
#597632 0#
#597642 1#
#597652 0#
#597663 1#
#597704 0#
#597715 1#
#597736 0#
#597746 1#
#597757 0#
#597767 1#
#597809 0#
#597819 1#
#597840 0#
#597850 1#
#597861 0#
#597892 1#
#597902 0#
#597913 1#
#597944 0#
#597954 1#
#597965 0#
#597975 1#
#597986 0#
#597996 1#
#598038 0#
#598059 1#
#598069 0#
#598079 1#
#598090 0#
#598100 1#
#598111 0#
#598121 1#
#598131 0#
#598142 1#
#598152 0#
#598163 1#
#598173 0#
#598184 1#
#598194 0#
#598204 1#
#598215 0#
#598225 1#
#598236 0#
#598246 1#
#598256 0#
#598267 1#
#598277 0#
#598288 1#
#598298 0#
#598319 1#
#598329 0#
#598350 1#
#598361 0#
#598371 1#
#598381 0#
#598413 1#
#598423 0#
#598454 1#
#598465 0#
#598475 1#
#598486 0#
#598496 1#
#598506 0#
#598517 1#
#598558 0#
#598579 1#
#598590 0#
#598611 1#
#598631 0#
#598652 1#
#598673 0#
#598683 1#
#598694 0#
#598704 1#
#598715 0#
#598756 1#
#598777 0#
#598788 1#
#598798 0#
#598808 1#
#598819 0#
#598850 1#
#598871 0#
#598892 1#
#598902 0#
#598913 1#
#598933 0#
#598965 1#
#598985 0#
#598996 1#
#599006 0#
#599058 1#
#599079 0#
#599100 1#
#599110 0#
#599131 1#
#599152 0#
#599173 1#
#599194 0#
#599204 1#
#599215 0#
#599256 1#
#599287 0#
#599308 1#
#599319 0#
#599329 1#
#599350 0#
#599371 1#
#599392 0#
#599412 1#
#599423 0#
#599433 1#
#599444 0#
#599454 1#
#599475 0#
#599485 1#
#599496 0#
#599517 1#
#599527 0#
#599537 1#
#599548 0#
#599589 1#
#599610 0#
#599621 1#
#599631 0#
#599642 1#
#599662 0#
#599683 1#
#599704 0#
#599725 1#
#599735 0#
#599756 1#
#599767 0#
#599787 1#
#599808 0#
#599829 1#
#599839 0#
#599871 1#
#599881 0#
#599902 1#
#599923 0#
#599933 1#
#599944 0#
#599954 1#
#599964 0#
#599975 1#
#599996 0#
#600006 1#
#600016 0#
#600037 1#
#600048 0#
#600079 1#
#600089 0#
#600100 1#
#600121 0#
#600141 1#
#600152 0#
#600183 1#
#600194 0#
#600214 1#
#600235 0#
#600246 1#
#600256 0#
#600287 1#
#600298 0#
#600308 1#
#600329 0#
#600350 1#
#600360 0#
#600371 1#
#600381 0#
#600391 1#
#600402 0#
#600423 1#
#600443 0#
#600454 1#
#600464 0#
#600475 1#
#600485 0#
#600496 1#
#600516 0#
#600527 1#
#600537 0#
#600558 1#
#600568 0#
#600589 1#
#600600 0#
#600631 1#
#600652 0#
#600662 1#
#600673 0#
#600693 1#
#600714 0#
#600735 1#
#600756 0#
#600766 1#
#600777 0#
#600798 1#
#600808 0#
#600839 1#
#600860 0#
#600870 1#
#600881 0#
#600902 1#
#600923 0#
#600943 1#
#600964 0#
#600975 1#
#600985 0#
#600995 1#
#601006 0#
#601016 1#
#601037 0#
#601048 1#
#601058 0#
#601079 1#
#601089 0#
#601120 1#
#601131 0#
#601152 1#
#601173 0#
#601183 1#
#601193 0#
#601214 1#
#601225 0#
#601245 1#
#601266 0#
#601287 1#
#601297 0#
#601308 1#
#601329 0#
#601350 1#
#601370 0#
#601391 1#
#601402 0#
#601422 1#
#601443 0#
#601454 1#
#601475 0#
#601495 1#
#601506 0#
#601516 1#
#601527 0#
#601547 1#
#601579 0#
#601600 1#
#601610 0#
#601631 1#
#601641 0#
#601672 1#
#601693 0#
#601704 1#
#601714 0#
#601724 1#
#601735 0#
#601766 1#
#601787 0#
#601808 1#
#601818 0#
#601829 1#
#601860 0#
#601870 1#
#601891 0#
#601912 1#
#601922 0#
#601943 1#
#601954 0#
#601985 1#
#602006 0#
#602016 1#
#602027 0#
#602037 1#
#602058 0#
#602079 1#
#602099 0#
#602120 1#
#602131 0#
#602151 1#
#602162 0#
#602183 1#
#602204 0#
#602224 1#
#602235 0#
#602245 1#
#602256 0#
#602266 1#
#602276 0#
#602297 1#
#602318 0#
#602329 1#
#602339 0#
#602401 1#
#602412 0#
#602433 1#
#602443 0#
#602464 1#
#602474 0#
#602495 1#
#602526 0#
#602537 1#
#602547 0#
#602558 1#
#602599 0#
#602610 1#
#602631 0#
#602641 1#
#602651 0#
#602714 1#
#602724 0#
#602745 1#
#602756 0#
#602766 1#
#602776 0#
#602808 1#
#602839 0#
#602849 1#
#602860 0#
#602870 1#
#602881 0#
#602891 1#
#602901 0#
#602912 1#
#602943 0#
#602953 1#
#602964 0#
#602974 1#
#602985 0#
#603006 1#
#603016 0#
#603026 1#
#603047 0#
#603058 1#
#603068 0#
#603078 1#
#603089 0#
#603099 1#
#603110 0#
#603130 1#
#603151 0#
#603162 1#
#603172 0#
#603203 1#
#603214 0#
#603224 1#
#603255 0#
#603266 1#
#603276 0#
#603287 1#
#603297 0#
#603308 1#
#603328 0#
#603370 1#
#603380 0#
#603401 1#
#603412 0#
#603422 1#
#603433 0#
#603474 1#
#603485 0#
#603516 1#
#603537 0#
#603557 1#
#603568 0#
#603578 1#
#603589 0#
#603599 1#
#603641 0#
#603651 1#
#603672 0#
#603682 1#
#603693 0#
#603703 1#
#603714 0#
#603755 1#
#603776 0#
#603787 1#
#603797 0#
#603828 1#
#603839 0#
#603860 1#
#603880 0#
#603891 1#
#603901 0#
#603912 1#
#603922 0#
#603943 1#
#603953 0#
#603964 1#
#603984 0#
#603995 1#
#604005 0#
#604026 1#
#604057 0#
#604068 1#
#604089 0#
#604099 1#
#604109 0#
#604120 1#
#604151 0#
#604172 1#
#604193 0#
#604203 1#
#604214 0#
#604276 1#
#604287 0#
#604307 1#
#604318 0#
#604349 1#
#604359 0#
#604370 1#
#604401 0#
#604411 1#
#604422 0#
#604464 1#
#604474 0#
#604484 1#
#604505 0#
#604516 1#
#604526 0#
#604536 1#
#604547 0#
#604557 1#
#604568 0#
#604589 1#
#604609 0#
#604620 1#
#604630 0#
#604693 1#
#604703 0#
#604724 1#
#604734 0#
#604745 1#
#604766 0#
#604786 1#
#604818 0#
#604828 1#
#604838 0#
#604870 1#
#604891 0#
#604901 1#
#604922 0#
#604932 1#
#604943 0#
#604953 1#
#604963 0#
#604974 1#
#604984 0#
#605005 1#
#605026 0#
#605036 1#
#605047 0#
#605057 1#
#605068 0#
#605088 1#
#605099 0#
#605109 1#
#605130 0#
#605141 1#
#605151 0#
#605161 1#
#605193 0#
#605213 1#
#605234 0#
#605245 1#
#605255 0#
#605297 1#
#605307 0#
#605318 1#
#605338 0#
#605349 1#
#605359 0#
#605380 1#
#605411 0#
#605422 1#
#605432 0#
#605453 1#
#605463 0#
#605484 1#
#605515 0#
#605526 1#
#605536 0#
#605557 1#
#605568 0#
#605588 1#
#605620 0#
#605630 1#
#605640 0#
#605661 1#
#605672 0#
#605734 1#
#605745 0#
#605765 1#
#605776 0#
#605828 1#
#605838 0#
#605849 1#
#605859 0#
#605870 1#
#605880 0#
#605911 1#
#605932 0#
#605942 1#
#605963 0#
#605974 1#
#605984 0#
#605995 1#
#606005 0#
#606015 1#
#606026 0#
#606047 1#
#606067 0#
#606078 1#
#606088 0#
#606099 1#
#606109 0#
#606151 1#
#606172 0#
#606182 1#
#606192 0#
#606203 1#
#606224 0#
#606244 1#
#606276 0#
#606286 1#
#606297 0#
#606307 1#
#606317 0#
#606328 1#
#606338 0#
#606359 1#
#606380 0#
#606390 1#
#606401 0#
#606463 1#
#606474 0#
#606494 1#
#606505 0#
#606546 1#
#606557 0#
#606567 1#
#606588 0#
#606599 1#
#606609 0#
#606619 1#
#606661 0#
#606671 1#
#606692 0#
#606703 1#
#606713 0#
#606744 1#
#606765 0#
#606776 1#
#606796 0#
#606807 1#
#606817 0#
#606849 1#
#606859 0#
#606880 1#
#606901 0#
#606911 1#
#606921 0#
#606984 1#
#606994 0#
#607015 1#
#607026 0#
#607036 1#
#607078 0#
#607088 1#
#607109 0#
#607119 1#
#607130 0#
#607151 1#
#607182 0#
#607192 1#
#607213 0#
#607223 1#
#607234 0#
#607296 1#
#607307 0#
#607328 1#
#607338 0#
#607348 1#
#607380 0#
#607390 1#
#607421 0#
#607432 1#
#607442 0#
#607484 1#
#607494 0#
#607505 1#
#607525 0#
#607536 1#
#607546 0#
#607557 1#
#607567 0#
#607588 1#
#607598 0#
#607609 1#
#607630 0#
#607640 1#
#607650 0#
#607682 1#
#607703 0#
#607713 1#
#607734 0#
#607744 1#
#607755 0#
#607765 1#
#607775 0#
#607786 1#
#607796 0#
#607817 1#
#607838 0#
#607848 1#
#607859 0#
#607921 1#
#607932 0#
#607952 1#
#607963 0#
#607973 1#
#608005 0#
#608015 1#
#608046 0#
#608057 1#
#608067 0#
#608077 1#
#608088 0#
#608098 1#
#608109 0#
#608130 1#
#608150 0#
#608161 1#
#608171 0#
#608234 1#
#608244 0#
#608265 1#
#608275 0#
#608286 1#
#608317 0#
#608338 1#
#608359 0#
#608369 1#
#608379 0#
#608390 1#
#608400 0#
#608442 1#
#608463 0#
#608473 1#
#608484 0#
#608515 1#
#608525 0#
#608536 1#
#608567 0#
#608577 1#
#608588 0#
#608629 1#
#608640 0#
#608650 1#
#608671 0#
#608681 1#
#608692 0#
#608702 1#
#608713 0#
#608723 1#
#608734 0#
#608754 1#
#608775 0#
#608786 1#
#608796 0#
#608817 1#
#608827 0#
#608848 1#
#608879 0#
#608890 1#
#608900 0#
#608963 1#
#608973 0#
#608994 1#
#609004 0#
#609036 1#
#609046 0#
#609056 1#
#609088 0#
#609098 1#
#609108 0#
#609150 1#
#609161 0#
#609171 1#
#609192 0#
#609202 1#
#609213 0#
#609223 1#
#609233 0#
#609244 1#
#609254 0#
#609275 1#
#609296 0#
#609306 1#
#609317 0#
#609379 1#
#609390 0#
#609411 1#
#609421 0#
#609442 1#
#609452 0#
#609473 1#
#609504 0#
#609515 1#
#609525 0#
#609536 1#
#609546 0#
#609556 1#
#609567 0#
#609588 1#
#609608 0#
#609619 1#
#609629 0#
#609640 1#
#609650 0#
#609671 1#
#609681 0#
#609692 1#
#609713 0#
#609723 1#
#609733 0#
#609754 1#
#609785 0#
#609796 1#
#609817 0#
#609827 1#
#609838 0#
#609869 1#
#609879 0#
#609900 1#
#609921 0#
#609931 1#
#609942 0#
#609952 1#
#609963 0#
#609973 1#
#609983 0#
#610004 1#
#610025 0#
#610035 1#
#610046 0#
#610056 1#
#610067 0#
#610077 1#
#610087 0#
#610108 1#
#610129 0#
#610140 1#
#610150 0#
#610171 1#
#610181 0#
#610202 1#
#610233 0#
#610244 1#
#610254 0#
#610275 1#
#610306 0#
#610317 1#
#610327 0#
#610348 1#
#610358 0#
#610379 1#
#610410 0#
#610421 1#
#610431 0#
#610452 1#
#610462 0#
#610483 1#
#610514 0#
#610525 1#
#610535 0#
#610556 1#
#610567 0#
#610577 1#
#610587 0#
#610598 1#
#610619 0#
#610660 1#
#610671 0#
#610692 1#
#610702 0#
#610712 1#
#610723 0#
#610764 1#
#610775 0#
#610785 1#
#610806 0#
#610817 1#
#610827 0#
#610848 1#
#610858 0#
#610869 1#
#610879 0#
#610889 1#
#610900 0#
#610910 1#
#610921 0#
#610941 1#
#610962 0#
#610973 1#
#610983 0#
#611004 1#
#611014 0#
#611035 1#
#611066 0#
#611077 1#
#611087 0#
#611108 1#
#611139 0#
#611150 1#
#611171 0#
#611181 1#
#611191 0#
#611202 1#
#611212 0#
#611223 1#
#611233 0#
#611254 1#
#611275 0#
#611285 1#
#611296 0#
#611327 1#
#611348 0#
#611358 1#
#611379 0#
#611389 1#
#611400 0#
#611421 1#
#611431 0#
#611441 1#
#611473 0#
#611493 1#
#611504 0#
#611566 1#
#611577 0#
#611598 1#
#611608 0#
#611618 1#
#611639 0#
#611660 1#
#611671 0#
#611681 1#
#611691 0#
#611702 1#
#611712 0#
#611743 1#
#611764 0#
#611775 1#
#611795 0#
#611806 1#
#611816 0#
#611827 1#
#611837 0#
#611848 1#
#611858 0#
#611879 1#
#611900 0#
#611910 1#
#611920 0#
#611931 1#
#611941 0#
#611962 1#
#611973 0#
#611983 1#
#612004 0#
#612014 1#
#612025 0#
#612035 1#
#612066 0#
#612087 1#
#612108 0#
#612118 1#
#612129 0#
#612170 1#
#612181 0#
#612191 1#
#612212 0#
#612222 1#
#612233 0#
#612295 1#
#612306 0#
#612327 1#
#612337 0#
#612358 1#
#612368 0#
#612400 1#
#612420 0#
#612431 1#
#612441 0#
#612452 1#
#612462 0#
#612472 1#
#612483 0#
#612504 1#
#612525 0#
#612535 1#
#612545 0#
#612577 1#
#612597 0#
#612608 1#
#612629 0#
#612639 1#
#612649 0#
#612681 1#
#612702 0#
#612712 1#
#612733 0#
#612743 1#
#612754 0#
#612764 1#
#612785 0#
#612806 1#
#612837 0#
#612847 1#
#612858 0#
#612920 1#
#612931 0#
#612952 1#
#612962 0#
#612983 1#
#612993 0#
#613014 1#
#613045 0#
#613056 1#
#613066 0#
#613076 1#
#613087 0#
#613108 1#
#613118 0#
#613129 1#
#613149 0#
#613160 1#
#613170 0#
#613191 1#
#613222 0#
#613233 1#
#613254 0#
#613264 1#
#613274 0#
#613285 1#
#613316 0#
#613337 1#
#613358 0#
#613368 1#
#613379 0#
#613399 1#
#613431 0#
#613441 1#
#613451 0#
#613472 1#
#613483 0#
#613503 1#
#613535 0#
#613545 1#
#613556 0#
#613576 1#
#613587 0#
#613608 1#
#613639 0#
#613649 1#
#613660 0#
#613681 1#
#613691 0#
#613753 1#
#613764 0#
#613785 1#
#613795 0#
#613806 1#
#613816 0#
#613858 1#
#613878 0#
#613889 1#
#613899 0#
#613920 1#
#613930 0#
#613951 1#
#613983 0#
#613993 1#
#614003 0#
#614014 1#
#614024 0#
#614035 1#
#614045 0#
#614066 1#
#614087 0#
#614097 1#
#614108 0#
#614170 1#
#614180 0#
#614201 1#
#614212 0#
#614222 1#
#614233 0#
#614253 1#
#614295 0#
#614305 1#
#614316 0#
#614326 1#
#614368 0#
#614378 1#
#614399 0#
#614410 1#
#614420 0#
#614430 1#
#614441 0#
#614451 1#
#614462 0#
#614472 1#
#614503 0#
#614514 1#
#614524 0#
#614587 1#
#614597 0#
#614618 1#
#614628 0#
#614660 1#
#614680 0#
#614691 1#
#614712 0#
#614722 1#
#614732 0#
#614743 1#
#614753 0#
#614774 1#
#614784 0#
#614795 1#
#614816 0#
#614826 1#
#614837 0#
#614847 1#
#614868 0#
#614889 1#
#614920 0#
#614930 1#
#614941 0#
#614972 1#
#614982 0#
#614993 1#
#615024 0#
#615034 1#
#615045 0#
#615055 1#
#615066 0#
#615076 1#
#615087 0#
#615107 1#
#615128 0#
#615139 1#
#615149 0#
#615170 1#
#615201 0#
#615211 1#
#615232 0#
#615243 1#
#615253 0#
#615264 1#
#615274 0#
#615295 1#
#615305 0#
#615316 1#
#615336 0#
#615347 1#
#615357 0#
#615378 1#
#615409 0#
#615420 1#
#615441 0#
#615451 1#
#615461 0#
#615472 1#
#615503 0#
#615524 1#
#615545 0#
#615555 1#
#615566 0#
#615576 1#
#615638 0#
#615659 1#
#615670 0#
#615680 1#
#615691 0#
#615701 1#
#615722 0#
#615763 1#
#615774 0#
#615795 1#
#615805 0#
#615816 1#
#615826 0#
#615868 1#
#615878 0#
#615899 1#
#615909 0#
#615951 1#
#615961 0#
#615972 1#
#615982 0#
#615993 1#
#616034 0#
#616045 1#
#616065 0#
#616076 1#
#616086 0#
#616097 1#
#616138 0#
#616149 1#
#616170 0#
#616180 1#
#616190 0#
#616222 1#
#616232 0#
#616243 1#
#616274 0#
#616284 1#
#616295 0#
#616305 1#
#616315 0#
#616336 1#
#616347 0#
#616357 1#
#616378 0#
#616388 1#
#616399 0#
#616420 1#
#616451 0#
#616461 1#
#616482 0#
#616493 1#
#616503 0#
#616513 1#
#616545 0#
#616565 1#
#616586 0#
#616597 1#
#616607 0#
#616670 1#
#616680 0#
#616701 1#
#616711 0#
#616732 1#
#616753 0#
#616774 1#
#616795 0#
#616805 1#
#616815 0#
#616836 1#
#616847 0#
#616867 1#
#616899 0#
#616909 1#
#616920 0#
#616930 1#
#616972 0#
#616982 1#
#617003 0#
#617013 1#
#617024 0#
#617034 1#
#617044 0#
#617055 1#
#617076 0#
#617086 1#
#617107 0#
#617117 1#
#617128 0#
#617190 1#
#617201 0#
#617222 1#
#617232 0#
#617263 1#
#617274 0#
#617284 1#
#617315 0#
#617326 1#
#617336 0#
#617378 1#
#617388 0#
#617399 1#
#617419 0#
#617430 1#
#617440 0#
#617451 1#
#617461 0#
#617471 1#
#617482 0#
#617503 1#
#617524 0#
#617534 1#
#617544 0#
#617607 1#
#617617 0#
#617638 1#
#617649 0#
#617669 1#
#617701 0#
#617721 1#
#617732 0#
#617742 1#
#617753 0#
#617763 1#
#617805 0#
#617815 1#
#617836 0#
#617846 1#
#617857 0#
#617878 1#
#617888 0#
#617909 1#
#617940 0#
#617951 1#
#617961 0#
#617992 1#
#618003 0#
#618013 1#
#618044 0#
#618055 1#
#618065 0#
#618107 1#
#618117 0#
#618128 1#
#618148 0#
#618159 1#
#618169 0#
#618232 1#
#618242 0#
#618263 1#
#618273 0#
#618325 1#
#618336 0#
#618346 1#
#618357 0#
#618367 1#
#618378 0#
#618388 1#
#618430 0#
#618440 1#
#618461 0#
#618471 1#
#618482 0#
#618513 1#
#618534 0#
#618544 1#
#618565 0#
#618575 1#
#618586 0#
#618596 1#
#618607 0#
#618617 1#
#618628 0#
#618648 1#
#618669 0#
#618680 1#
#618690 0#
#618700 1#
#618711 0#
#618721 1#
#618742 0#
#618784 1#
#618794 0#
#618815 1#
#618825 0#
#618836 1#
#618846 0#
#618888 1#
#618898 0#
#618909 1#
#618919 0#
#618971 1#
#618982 0#
#618992 1#
#619002 0#
#619013 1#
#619034 0#
#619075 1#
#619086 0#
#619096 1#
#619107 0#
#619159 1#
#619169 0#
#619179 1#
#619190 0#
#619200 1#
#619211 0#
#619221 1#
#619232 0#
#619252 1#
#619263 0#
#619284 1#
#619294 0#
#619304 1#
#619315 0#
#619336 1#
#619346 0#
#619357 1#
#619388 0#
#619409 1#
#619419 0#
#619482 1#
#619492 0#
#619513 1#
#619523 0#
#619544 1#
#619554 0#
#619575 1#
#619586 0#
#619596 1#
#619606 0#
#619617 1#
#619627 0#
#619638 1#
#619648 0#
#619659 1#
#619669 0#
#619690 1#
#619711 0#
#619721 1#
#619731 0#
#619742 1#
#619752 0#
#619773 1#
#619784 0#
#619794 1#
#619815 0#
#619825 1#
#619836 0#
#619856 1#
#619888 0#
#619898 1#
#619919 0#
#619929 1#
#619940 0#
#619971 1#
#619981 0#
#620002 1#
#620023 0#
#620033 1#
#620044 0#
#620054 1#
#620065 0#
#620075 1#
#620086 0#
#620106 1#
#620127 0#
#620138 1#
#620148 0#
#620158 1#
#620169 0#
#620179 1#
#620190 0#
#620211 1#
#620231 0#
#620242 1#
#620252 0#
#620273 1#
#620283 0#
#620304 1#
#620336 0#
#620346 1#
#620356 0#
#620419 1#
#620429 0#
#620450 1#
#620460 0#
#620481 1#
#620502 0#
#620523 1#
#620544 0#
#620554 1#
#620565 0#
#620575 1#
#620585 0#
#620596 1#
#620606 0#
#620617 1#
#620648 0#
#620658 1#
#620669 0#
#620679 1#
#620690 0#
#620700 1#
#620710 0#
#620731 1#
#620752 0#
#620763 1#
#620773 0#
#620804 1#
#620825 0#
#620835 1#
#620856 0#
#620867 1#
#620877 0#
#620940 1#
#620950 0#
#620971 1#
#620981 0#
#620992 1#
#621023 0#
#621044 1#
#621065 0#
#621075 1#
#621085 0#
#621096 1#
#621106 0#
#621148 1#
#621169 0#
#621179 1#
#621190 0#
#621200 1#
#621210 0#
#621221 1#
#621231 0#
#621242 1#
#621273 0#
#621283 1#
#621294 0#
#621304 1#
#621335 0#
#621356 1#
#621377 0#
#621387 1#
#621398 0#
#621408 1#
#621419 0#
#621429 1#
#621439 0#
#621460 1#
#621481 0#
#621492 1#
#621502 0#
#621564 1#
#621575 0#
#621596 1#
#621606 0#
#621617 1#
#621637 0#
#621669 1#
#621689 0#
#621700 1#
#621710 0#
#621752 1#
#621762 0#
#621773 1#
#621794 0#
#621804 1#
#621814 0#
#621825 1#
#621835 0#
#621846 1#
#621856 0#
#621877 1#
#621898 0#
#621908 1#
#621919 0#
#621929 1#
#621950 0#
#621981 1#
#622002 0#
#622012 1#
#622023 0#
#622033 1#
#622054 0#
#622064 1#
#622075 0#
#622085 1#
#622106 0#
#622116 1#
#622127 0#
#622189 1#
#622200 0#
#622221 1#
#622231 0#
#622241 1#
#622262 0#
#622293 1#
#622314 0#
#622325 1#
#622335 0#
#622346 1#
#622387 0#
#622398 1#
#622418 0#
#622429 1#
#622439 0#
#622450 1#
#622460 0#
#622471 1#
#622491 0#
#622502 1#
#622523 0#
#622533 1#
#622543 0#
#622595 1#
#622627 0#
#622637 1#
#622648 0#
#622679 1#
#622700 0#
#622710 1#
#622731 0#
#622741 1#
#622752 0#
#622762 1#
#622773 0#
#622783 1#
#622793 0#
#622814 1#
#622835 0#
#622845 1#
#622856 0#
#622887 1#
#622898 0#
#622908 1#
#622939 0#
#622950 1#
#622960 0#
#622970 1#
#622981 0#
#622991 1#
#623002 0#
#623022 1#
#623043 0#
#623054 1#
#623064 0#
#623085 1#
#623116 0#
#623127 1#
#623137 0#
#623158 1#
#623168 0#
#623231 1#
#623241 0#
#623262 1#
#623272 0#
#623283 1#
#623293 0#
#623345 1#
#623356 0#
#623366 1#
#623377 0#
#623408 1#
#623429 0#
#623439 1#
#623460 0#
#623470 1#
#623481 0#
#623512 1#
#623533 0#
#623543 1#
#623564 0#
#623574 1#
#623585 0#
#623647 1#
#623658 0#
#623679 1#
#623689 0#
#623699 1#
#623720 0#
#623741 1#
#623772 0#
#623783 1#
#623793 0#
#623804 1#
#623814 0#
#623835 1#
#623877 0#
#623887 1#
#623897 0#
#623908 1#
#623929 0#
#623949 1#
#623981 0#
#623991 1#
#624001 0#
#624033 1#
#624043 0#
#624054 1#
#624085 0#
#624095 1#
#624106 0#
#624116 1#
#624126 0#
#624137 1#
#624147 0#
#624168 1#
#624189 0#
#624199 1#
#624210 0#
#624220 1#
#624231 0#
#624241 1#
#624262 0#
#624272 1#
#624293 0#
#624304 1#
#624314 0#
#624324 1#
#624345 0#
#624366 1#
#624397 0#
#624408 1#
#624418 0#
#624481 1#
#624491 0#
#624512 1#
#624522 0#
#624533 1#
#624564 0#
#624585 1#
#624606 0#
#624616 1#
#624626 0#
#624637 1#
#624678 0#
#624689 1#
#624710 0#
#624720 1#
#624731 0#
#624741 1#
#624751 0#
#624793 1#
#624803 0#
#624824 1#
#624835 0#
#624845 1#
#624855 0#
#624866 1#
#624887 0#
#624928 1#
#624939 0#
#624960 1#
#624970 0#
#624980 1#
#624991 0#
#625033 1#
#625043 0#
#625064 1#
#625074 0#
#625116 1#
#625126 0#
#625137 1#
#625147 0#
#625158 1#
#625168 0#
#625189 1#
#625199 0#
#625220 1#
#625230 0#
#625241 1#
#625251 0#
#625262 1#
#625303 0#
#625324 1#
#625335 0#
#625345 1#
#625355 0#
#625366 1#
#625387 0#
#625407 1#
#625418 0#
#625428 1#
#625439 0#
#625449 1#
#625460 0#
#625480 1#
#625491 0#
#625501 1#
#625532 0#
#625553 1#
#625564 0#
#625626 1#
#625637 0#
#625657 1#
#625668 0#
#625720 1#
#625730 0#
#625741 1#
#625751 0#
#625762 1#
#625772 0#
#625782 1#
#625824 0#
#625834 1#
#625855 0#
#625866 1#
#625876 0#
#625887 1#
#625918 0#
#625928 1#
#625959 0#
#625970 1#
#625980 0#
#625991 1#
#626001 0#
#626012 1#
#626022 0#
#626043 1#
#626064 0#
#626074 1#
#626084 0#
#626105 1#
#626116 0#
#626136 1#
#626168 0#
#626178 1#
#626189 0#
#626199 1#
#626209 0#
#626220 1#
#626230 0#
#626251 1#
#626272 0#
#626282 1#
#626293 0#
#626324 1#
#626334 0#
#626355 1#
#626376 0#
#626386 1#
#626397 0#
#626459 1#
#626470 0#
#626491 1#
#626501 0#
#626522 1#
#626532 0#
#626563 1#
#626584 0#
#626595 1#
#626605 0#
#626616 1#
#626626 0#
#626647 1#
#626688 0#
#626699 1#
#626709 0#
#626772 1#
#626782 0#
#626803 1#
#626813 0#
#626855 1#
#626866 0#
#626876 1#
#626897 0#
#626907 1#
#626918 0#
#626928 1#
#626970 0#
#626980 1#
#627001 0#
#627011 1#
#627022 0#
#627053 1#
#627074 0#
#627084 1#
#627105 0#
#627115 1#
#627126 0#
#627136 1#
#627147 0#
#627168 1#
#627178 0#
#627188 1#
#627209 0#
#627220 1#
#627230 0#
#627261 1#
#627272 0#
#627293 1#
#627313 0#
#627324 1#
#627334 0#
#627345 1#
#627355 0#
#627397 1#
#627417 0#
#627428 1#
#627438 0#
#627449 1#
#627459 0#
#627480 1#
#627522 0#
#627532 1#
#627542 0#
#627605 1#
#627615 0#
#627636 1#
#627647 0#
#627657 1#
#627667 0#
#627678 1#
#627699 0#
#627709 1#
#627730 0#
#627740 1#
#627751 0#
#627761 1#
#627772 0#
#627813 1#
#627834 0#
#627844 1#
#627855 0#
#627865 1#
#627897 0#
#627917 1#
#627938 0#
#627949 1#
#627959 0#
#627969 1#
#627980 0#
#628001 1#
#628011 0#
#628022 1#
#628042 0#
#628053 1#
#628063 0#
#628074 1#
#628094 0#
#628126 1#
#628147 0#
#628157 1#
#628167 0#
#628178 1#
#628188 0#
#628230 1#
#628240 0#
#628261 1#
#628271 0#
#628334 1#
#628344 0#
#628365 1#
#628376 0#
#628386 1#
#628407 0#
#628449 1#
#628459 0#
#628469 1#
#628480 0#
#628521 1#
#628532 0#
#628542 1#
#628563 0#
#628574 1#
#628584 0#
#628605 1#
#628615 0#
#628636 1#
#628667 0#
#628678 1#
#628688 0#
#628698 1#
#628709 0#
#628730 1#
#628740 0#
#628751 1#
#628771 0#
#628782 1#
#628792 0#
#628803 1#
#628823 0#
#628844 1#
#628876 0#
#628886 1#
#628896 0#
#628928 1#
#628938 0#
#628948 1#
#628980 0#
#628990 1#
#629001 0#
#629011 1#
#629021 0#
#629032 1#
#629053 0#
#629063 1#
#629084 0#
#629094 1#
#629105 0#
#629115 1#
#629125 0#
#629167 1#
#629188 0#
#629198 1#
#629209 0#
#629219 1#
#629240 0#
#629261 1#
#629292 0#
#629303 1#
#629313 0#
#629375 1#
#629386 0#
#629407 1#
#629417 0#
#629428 1#
#629438 0#
#629448 1#
#629459 0#
#629490 1#
#629500 0#
#629511 1#
#629521 0#
#629542 1#
#629563 0#
#629573 1#
#629605 0#
#629615 1#
#629625 0#
#629636 1#
#629646 0#
#629657 1#
#629667 0#
#629688 1#
#629709 0#
#629719 1#
#629730 0#
#629792 1#
#629802 0#
#629823 1#
#629834 0#
#629855 1#
#629865 0#
#629886 1#
#629907 0#
#629927 1#
#629938 0#
#629990 1#
#630011 0#
#630032 1#
#630042 0#
#630063 1#
#630073 0#
#630094 1#
#630115 0#
#630136 1#
#630146 0#
#630157 1#
#630167 0#
#630177 1#
#630188 0#
#630198 1#
#630219 0#
#630240 1#
#630250 0#
#630261 1#
#630271 0#
#630282 1#
#630302 0#
#630344 1#
#630354 0#
#630375 1#
#630386 0#
#630396 1#
#630407 0#
#630448 1#
#630459 0#
#630469 1#
#630479 0#
#630490 1#
#630511 0#
#630531 1#
#630542 0#
#630552 1#
#630563 0#
#630573 1#
#630584 0#
#630594 1#
#630604 0#
#630625 1#
#630646 0#
#630656 1#
#630667 0#
#630677 1#
#630688 0#
#630698 1#
#630719 0#
#630729 1#
#630750 0#
#630761 1#
#630771 0#
#630781 1#
#630823 0#
#630834 1#
#630854 0#
#630865 1#
#630875 0#
#630896 1#
#630906 0#
#630927 1#
#630958 0#
#630969 1#
#630979 0#
#630990 1#
#631000 0#
#631021 1#
#631063 0#
#631073 1#
#631083 0#
#631104 1#
#631115 0#
#631125 1#
#631156 0#
#631177 1#
#631188 0#
#631250 1#
#631261 0#
#631281 1#
#631292 0#
#631333 1#
#631365 0#
#631385 1#
#631396 0#
#631406 1#
#631438 0#
#631469 1#
#631479 0#
#631490 1#
#631500 0#
#631521 1#
#631531 0#
#631573 1#
#631583 0#
#631594 1#
#631604 0#
#631667 1#
#631677 0#
#631698 1#
#631708 0#
#631719 1#
#631760 0#
#631771 1#
#631792 0#
#631802 1#
#631812 0#
#631833 1#
#631854 0#
#631875 1#
#631896 0#
#631906 1#
#631917 0#
#631979 1#
#631990 0#
#632010 1#
#632021 0#
#632031 1#
#632052 0#
#632094 1#
#632104 0#
#632115 1#
#632125 0#
#632167 1#
#632177 0#
#632187 1#
#632208 0#
#632219 1#
#632229 0#
#632250 1#
#632260 0#
#632281 1#
#632312 0#
#632323 1#
#632333 0#
#632344 1#
#632354 0#
#632375 1#
#632385 0#
#632396 1#
#632417 0#
#632427 1#
#632437 0#
#632448 1#
#632469 0#
#632489 1#
#632521 0#
#632531 1#
#632542 0#
#632573 1#
#632583 0#
#632594 1#
#632625 0#
#632635 1#
#632646 0#
#632656 1#
#632666 0#
#632677 1#
#632698 0#
#632708 1#
#632729 0#
#632739 1#
#632750 0#
#632760 1#
#632771 0#
#632812 1#
#632833 0#
#632844 1#
#632854 0#
#632864 1#
#632885 0#
#632906 1#
#632937 0#
#632948 1#
#632958 0#
#633021 1#
#633031 0#
#633052 1#
#633062 0#
#633083 1#
#633093 0#
#633104 1#
#633114 0#
#633125 1#
#633146 0#
#633156 1#
#633166 0#
#633177 1#
#633218 0#
#633229 1#
#633250 0#
#633260 1#
#633271 0#
#633281 1#
#633291 0#
#633312 1#
#633354 0#
#633364 1#
#633375 0#
#633437 1#
#633448 0#
#633468 1#
#633479 0#
#633510 1#
#633531 0#
#633541 1#
#633562 0#
#633573 1#
#633583 0#
#633593 1#
#633635 0#
#633645 1#
#633666 0#
#633677 1#
#633687 0#
#633698 1#
#633708 0#
#633750 1#
#633770 0#
#633781 1#
#633791 0#
#633823 1#
#633833 0#
#633854 1#
#633875 0#
#633885 1#
#633895 0#
#633906 1#
#633916 0#
#633927 1#
#633937 0#
#633958 1#
#633979 0#
#633989 1#
#634000 0#
#634031 1#
#634041 0#
#634062 1#
#634083 0#
#634093 1#
#634104 0#
#634166 1#
#634177 0#
#634197 1#
#634208 0#
#634218 1#
#634229 0#
#634270 1#
#634291 0#
#634302 1#
#634312 0#
#634333 1#
#634364 0#
#634374 1#
#634395 0#
#634406 1#
#634416 0#
#634447 1#
#634458 0#
#634479 1#
#634499 0#
#634510 1#
#634520 0#
#634583 1#
#634593 0#
#634614 1#
#634624 0#
#634645 1#
#634656 0#
#634677 1#
#634708 0#
#634718 1#
#634729 0#
#634739 1#
#634749 0#
#634760 1#
#634770 0#
#634791 1#
#634812 0#
#634822 1#
#634833 0#
#634843 1#
#634854 0#
#634895 1#
#634916 0#
#634926 1#
#634937 0#
#634968 1#
#634979 0#
#634999 1#
#635020 0#
#635031 1#
#635041 0#
#635051 1#
#635062 0#
#635083 1#
#635124 0#
#635135 1#
#635145 0#
#635208 1#
#635218 0#
#635239 1#
#635249 0#
#635281 1#
#635291 0#
#635301 1#
#635333 0#
#635343 1#
#635353 0#
#635364 1#
#635406 0#
#635416 1#
#635437 0#
#635447 1#
#635458 0#
#635520 1#
#635531 0#
#635551 1#
#635562 0#
#635572 1#
#635603 0#
#635624 1#
#635645 0#
#635655 1#
#635666 0#
#635676 1#
#635718 0#
#635728 1#
#635749 0#
#635760 1#
#635770 0#
#635780 1#
#635791 0#
#635833 1#
#635843 0#
#635864 1#
#635874 0#
#635885 1#
#635895 0#
#635905 1#
#635926 0#
#635968 1#
#635978 0#
#635999 1#
#636010 0#
#636020 1#
#636030 0#
#636072 1#
#636082 0#
#636114 1#
#636124 0#
#636155 1#
#636166 0#
#636176 1#
#636187 0#
#636197 1#
#636207 0#
#636218 1#
#636239 0#
#636260 1#
#636270 0#
#636280 1#
#636291 0#
#636301 1#
#636312 0#
#636332 1#
#636343 0#
#636364 1#
#636374 0#
#636385 1#
#636395 0#
#636416 1#
#636426 0#
#636437 1#
#636468 0#
#636489 1#
#636499 0#
#636562 1#
#636572 0#
#636593 1#
#636603 0#
#636624 1#
#636634 0#
#636655 1#
#636666 0#
#636676 1#
#636687 0#
#636697 1#
#636707 0#
#636718 1#
#636728 0#
#636739 1#
#636749 0#
#636770 1#
#636791 0#
#636801 1#
#636812 0#
#636822 1#
#636832 0#
#636853 1#
#636864 0#
#636874 1#
#636895 0#
#636905 1#
#636916 0#
#636937 1#
#636968 0#
#636978 1#
#636999 0#
#637009 1#
#637020 0#
#637051 1#
#637061 0#
#637082 1#
#637103 0#
#637114 1#
#637124 0#
#637134 1#
#637145 0#
#637155 1#
#637166 0#
#637186 1#
#637207 0#
#637218 1#
#637228 0#
#637239 1#
#637249 0#
#637259 1#
#637270 0#
#637291 1#
#637311 0#
#637322 1#
#637332 0#
#637353 1#
#637364 0#
#637384 1#
#637416 0#
#637426 1#
#637436 0#
#637499 1#
#637509 0#
#637530 1#
#637541 0#
#637551 1#
#637561 0#
#637582 1#
#637593 0#
#637613 1#
#637624 0#
#637634 1#
#637645 0#
#637666 1#
#637697 0#
#637707 1#
#637728 0#
#637738 1#
#637749 0#
#637759 1#
#637780 0#
#637811 1#
#637832 0#
#637843 1#
#637853 0#
#637874 1#
#637905 0#
#637915 1#
#637926 0#
#637947 1#
#637957 0#
#638020 1#
#638030 0#
#638051 1#
#638061 0#
#638072 1#
#638093 0#
#638113 1#
#638124 0#
#638134 1#
#638145 0#
#638155 1#
#638165 0#
#638197 1#
#638218 0#
#638228 1#
#638249 0#
#638259 1#
#638270 0#
#638280 1#
#638290 0#
#638301 1#
#638311 0#
#638332 1#
#638353 0#
#638363 1#
#638374 0#
#638384 1#
#638395 0#
#638415 1#
#638426 0#
#638436 1#
#638457 0#
#638467 1#
#638478 0#
#638488 1#
#638520 0#
#638540 1#
#638561 0#
#638572 1#
#638582 0#
#638624 1#
#638634 0#
#638645 1#
#638665 0#
#638676 1#
#638686 0#
#638697 1#
#638707 0#
#638717 1#
#638738 0#
#638759 1#
#638769 0#
#638780 1#
#638790 0#
#638801 1#
#638811 0#
#638853 1#
#638874 0#
#638884 1#
#638894 0#
#638905 1#
#638926 0#
#638947 1#
#638978 0#
#638988 1#
#638999 0#
#639030 1#
#639040 0#
#639051 1#
#639082 0#
#639092 1#
#639103 0#
#639113 1#
#639124 0#
#639134 1#
#639144 0#
#639165 1#
#639186 0#
#639196 1#
#639207 0#
#639228 1#
#639238 0#
#639259 1#
#639290 0#
#639301 1#
#639311 0#
#639374 1#
#639384 0#
#639405 1#
#639415 0#
#639426 1#
#639436 0#
#639457 1#
#639488 0#
#639509 1#
#639519 0#
#639571 1#
#639592 0#
#639613 1#
#639623 0#
#639676 1#
#639696 0#
#639717 1#
#639728 0#
#639780 1#
#639801 0#
#639821 1#
#639832 0#
#639863 1#
#639884 0#
#639894 1#
#639905 0#
#639926 1#
#639936 0#
#639998 1#
#640009 0#
#640030 1#
#640040 0#
#640061 1#
#640071 0#
#640113 1#
#640123 0#
#640134 1#
#640144 0#
#640155 1#
#640165 0#
#640186 1#
#640196 0#
#640217 1#
#640228 0#
#640238 1#
#640248 0#
#640259 1#
#640300 0#
#640321 1#
#640332 0#
#640342 1#
#640353 0#
#640363 1#
#640384 0#
#640405 1#
#640415 0#
#640425 1#
#640436 0#
#640446 1#
#640457 0#
#640519 1#
#640530 0#
#640550 1#
#640561 0#
#640571 1#
#640592 0#
#640613 1#
#640623 0#
#640634 1#
#640644 0#
#640655 1#
#640665 0#
#640686 1#
#640717 0#
#640727 1#
#640748 0#
#640759 1#
#640769 0#
#640780 1#
#640821 0#
#640832 1#
#640852 0#
#640863 1#
#640873 0#
#640884 1#
#640915 0#
#640925 1#
#640957 0#
#640967 1#
#640977 0#
#640998 1#
#641019 0#
#641040 1#
#641061 0#
#641071 1#
#641082 0#
#641092 1#
#641102 0#
#641144 1#
#641165 0#
#641175 1#
#641186 0#
#641217 1#
#641238 0#
#641248 1#
#641269 0#
#641279 1#
#641290 0#
#641321 1#
#641342 0#
#641352 1#
#641373 0#
#641384 1#
#641394 0#
#641456 1#
#641467 0#
#641488 1#
#641498 0#
#641509 1#
#641519 0#
#641529 1#
#641540 0#
#641571 1#
#641581 0#
#641592 1#
#641602 0#
#641634 1#
#641644 0#
#641665 1#
#641686 0#
#641696 1#
#641706 0#
#641717 1#
#641727 0#
#641748 1#
#641758 0#
#641769 1#
#641790 0#
#641800 1#
#641811 0#
#641842 1#
#641852 0#
#641863 1#
#641894 0#
#641904 1#
#641915 0#
#641925 1#
#641936 0#
#641956 1#
#641967 0#
#641977 1#
#641998 0#
#642008 1#
#642019 0#
#642029 1#
#642071 0#
#642081 1#
#642102 0#
#642113 1#
#642123 0#
#642144 1#
#642175 0#
#642185 1#
#642206 0#
#642217 1#
#642227 0#
#642290 1#
#642300 0#
#642321 1#
#642331 0#
#642342 1#
#642352 0#
#642383 1#
#642404 0#
#642425 1#
#642435 0#
#642456 1#
#642488 0#
#642498 1#
#642508 0#
#642529 1#
#642540 0#
#642592 1#
#642612 0#
#642633 1#
#642644 0#
#642654 1#
#642665 0#
#642675 1#
#642696 0#
#642737 1#
#642748 0#
#642769 1#
#642779 0#
#642790 1#
#642800 0#
#642842 1#
#642852 0#
#642862 1#
#642873 0#
#642883 1#
#642894 0#
#642915 1#
#642935 0#
#642946 1#
#642956 0#
#642998 1#
#643029 0#
#643050 1#
#643060 0#
#643081 1#
#643092 0#
#643112 1#
#643133 0#
#643154 1#
#643164 0#
#643217 1#
#643237 0#
#643258 1#
#643269 0#
#643289 1#
#643300 0#
#643310 1#
#643342 0#
#643362 1#
#643373 0#
#643435 1#
#643446 0#
#643467 1#
#643477 0#
#643487 1#
#643519 0#
#643529 1#
#643539 0#
#643550 1#
#643560 0#
#643571 1#
#643581 0#
#643591 1#
#643602 0#
#643644 1#
#643664 0#
#643675 1#
#643685 0#
#643706 1#
#643716 0#
#643737 1#
#643769 0#
#643779 1#
#643789 0#
#643800 1#
#643810 0#
#643821 1#
#643841 0#
#643852 1#
#643873 0#
#643883 1#
#643894 0#
#643904 1#
#643914 0#
#643935 1#
#643946 0#
#643956 1#
#643977 0#
#643987 1#
#643998 0#
#644018 1#
#644050 0#
#644060 1#
#644081 0#
#644091 1#
#644102 0#
#644112 1#
#644143 0#
#644164 1#
#644185 0#
#644196 1#
#644206 0#
#644268 1#
#644279 0#
#644300 1#
#644310 0#
#644321 1#
#644331 0#
#644341 1#
#644352 0#
#644362 1#
#644393 0#
#644404 1#
#644414 0#
#644466 1#
#644498 0#
#644508 1#
#644518 0#
#644581 1#
#644591 0#
#644612 1#
#644623 0#
#644654 1#
#644664 0#
#644675 1#
#644706 0#
#644716 1#
#644727 0#
#644768 1#
#644779 0#
#644789 1#
#644810 0#
#644820 1#
#644831 0#
#644841 1#
#644852 0#
#644862 1#
#644872 0#
#644893 1#
#644914 0#
#644925 1#
#644935 0#
#644997 1#
#645008 0#
#645029 1#
#645039 0#
#645060 1#
#645091 0#
#645112 1#
#645122 0#
#645133 1#
#645143 0#
#645154 1#
#645195 0#
#645206 1#
#645227 0#
#645237 1#
#645247 0#
#645268 1#
#645279 0#
#645299 1#
#645331 0#
#645341 1#
#645352 0#
#645383 1#
#645393 0#
#645404 1#
#645435 0#
#645445 1#
#645456 0#
#645497 1#
#645508 0#
#645518 1#
#645539 0#
#645549 1#
#645560 0#
#645622 1#
#645633 0#
#645654 1#
#645664 0#
#645716 1#
#645726 0#
#645737 1#
#645747 0#
#645758 1#
#645768 0#
#645779 1#
#645820 0#
#645831 1#
#645851 0#
#645862 1#
#645872 0#
#645904 1#
#645924 0#
#645935 1#
#645956 0#
#645966 1#
#645976 0#
#645987 1#
#645997 0#
#646008 1#
#646018 0#
#646039 1#
#646060 0#
#646070 1#
#646081 0#
#646101 1#
#646133 0#
#646143 1#
#646153 0#
#646174 1#
#646185 0#
#646206 1#
#646237 0#
#646247 1#
#646258 0#
#646278 1#
#646289 0#
#646310 1#
#646341 0#
#646351 1#
#646362 0#
#646383 1#
#646393 0#
#646456 1#
#646466 0#
#646487 1#
#646497 0#
#646508 1#
#646518 0#
#646570 1#
#646580 0#
#646591 1#
#646601 0#
#646633 1#
#646653 0#
#646664 1#
#646685 0#
#646695 1#
#646705 0#
#646737 1#
#646758 0#
#646768 1#
#646789 0#
#646799 1#
#646810 0#
#646872 1#
#646883 0#
#646903 1#
#646914 0#
#646966 1#
#646997 0#
#647007 1#
#647018 0#
#647039 1#
#647049 0#
#647070 1#
#647101 0#
#647112 1#
#647122 0#
#647132 1#
#647143 0#
#647153 1#
#647164 0#
#647185 1#
#647205 0#
#647216 1#
#647226 0#
#647237 1#
#647257 0#
#647278 1#
#647310 0#
#647320 1#
#647330 0#
#647341 1#
#647351 0#
#647362 1#
#647372 0#
#647393 1#
#647414 0#
#647424 1#
#647434 0#
#647455 1#
#647487 0#
#647497 1#
#647518 0#
#647528 1#
#647539 0#
#647570 1#
#647580 0#
#647591 1#
#647622 0#
#647632 1#
#647643 0#
#647653 1#
#647674 0#
#647695 1#
#647726 0#
#647737 1#
#647747 0#
#647809 1#
#647820 0#
#647841 1#
#647851 0#
#647861 1#
#647872 0#
#647914 1#
#647934 0#
#647945 1#
#647955 0#
#647966 1#
#647986 0#
#648018 1#
#648039 0#
#648049 1#
#648059 0#
#648070 1#
#648091 0#
#648122 1#
#648143 0#
#648153 1#
#648164 0#
#648174 1#
#648216 0#
#648226 1#
#648247 0#
#648257 1#
#648268 0#
#648278 1#
#648288 0#
#648299 1#
#648309 0#
#648320 1#
#648351 0#
#648361 1#
#648372 0#
#648393 1#
#648424 0#
#648434 1#
#648455 0#
#648466 1#
#648476 0#
#648507 1#
#648518 0#
#648528 1#
#648559 0#
#648570 1#
#648580 0#
#648591 1#
#648601 0#
#648611 1#
#648622 0#
#648643 1#
#648663 0#
#648674 1#
#648684 0#
#648715 1#
#648726 0#
#648747 1#
#648768 0#
#648778 1#
#648788 0#
#648851 1#
#648861 0#
#648882 1#
#648893 0#
#648913 1#
#648934 0#
#648955 1#
#648976 0#
#648986 1#
#648997 0#
#649007 1#
#649049 0#
#649059 1#
#649080 0#
#649090 1#
#649101 0#
#649122 1#
#649132 0#
#649153 1#
#649184 0#
#649195 1#
#649205 0#
#649226 1#
#649257 0#
#649267 1#
#649278 0#
#649299 1#
#649309 0#
#649320 1#
#649330 0#
#649340 1#
#649361 0#
#649403 1#
#649413 0#
#649434 1#
#649445 0#
#649455 1#
#649465 0#
#649507 1#
#649517 0#
#649528 1#
#649538 0#
#649549 1#
#649559 0#
#649580 1#
#649601 0#
#649611 1#
#649622 0#
#649663 1#
#649694 0#
#649715 1#
#649726 0#
#649747 1#
#649757 0#
#649778 1#
#649799 0#
#649819 1#
#649830 0#
#649882 1#
#649903 0#
#649924 1#
#649934 0#
#649955 1#
#649965 0#
#649976 1#
#650007 0#
#650028 1#
#650038 0#
#650101 1#
#650111 0#
#650132 1#
#650142 0#
#650153 1#
#650174 0#
#650184 1#
#650205 0#
#650215 1#
#650226 0#
#650236 1#
#650246 0#
#650257 1#
#650267 0#
#650278 1#
#650299 0#
#650309 1#
#650330 0#
#650340 1#
#650351 0#
#650361 1#
#650371 0#
#650382 1#
#650392 0#
#650413 1#
#650434 0#
#650444 1#
#650455 0#
#650465 1#
#650476 0#
#650486 1#
#650507 0#
#650517 1#
#650538 0#
#650548 1#
#650559 0#
#650621 1#
#650632 0#
#650653 1#
#650663 0#
#650715 1#
#650736 0#
#650757 1#
#650767 0#
#650809 1#
#650851 0#
#650861 1#
#650871 0#
#650923 1#
#650944 0#
#650965 1#
#650975 0#
#651028 1#
#651048 0#
#651069 1#
#651080 0#
#651132 1#
#651153 0#
#651173 1#
#651184 0#
#651236 1#
#651257 0#
#651278 1#
#651288 0#
#651340 1#
#651361 0#
#651382 1#
#651392 0#
#651444 1#
#651465 0#
#651486 1#
#651496 0#
#651548 1#
#651569 0#
#651590 1#
#651600 0#
#651611 1#
#651621 0#
#651652 1#
#651673 0#
#651694 1#
#651705 0#
#651757 1#
#651777 0#
#651798 1#
#651809 0#
#651861 1#
#651882 0#
#651902 1#
#651913 0#
#651965 1#
#651986 0#
#652007 1#
#652017 0#
#652069 1#
#652090 0#
#652111 1#
#652121 0#
#652173 1#
#652194 0#
#652215 1#
#652225 0#
#652277 1#
#652298 0#
#652319 1#
#652329 0#
#652381 1#
#652402 0#
#652423 1#
#652434 0#
#652486 1#
#652506 0#
#652527 1#
#652538 0#
#652548 1#
#652559 0#
#652569 1#
#652590 0#
#652600 1#
#652611 0#
#652631 1#
#652642 0#
#652694 1#
#652715 0#
#652736 1#
#652746 0#
#652788 1#
#652829 0#
#652840 1#
#652850 0#
#652902 1#
#652923 0#
#652944 1#
#652954 0#
#653006 1#
#653027 0#
#653048 1#
#653058 0#
#653110 1#
#653131 0#
#653152 1#
#653163 0#
#653215 1#
#653235 0#
#653256 1#
#653267 0#
#653319 1#
#653340 0#
#653360 1#
#653371 0#
#653423 1#
#653444 0#
#653465 1#
#653475 0#
#653527 1#
#653548 0#
#653569 1#
#653579 0#
#653600 1#
#653610 0#
#653631 1#
#653652 0#
#653673 1#
#653683 0#
#653715 1#
#653725 0#
#653735 1#
#653756 0#
#653777 1#
#653787 0#
#653808 1#
#653829 0#
#653850 1#
#653871 0#
#653881 1#
#653892 0#
#653912 1#
#653933 0#
#653954 1#
#653975 0#
#653985 1#
#653996 0#
#654017 1#
#654037 0#
#654058 1#
#654079 0#
#654089 1#
#654100 0#
#654121 1#
#654142 0#
#654162 1#
#654183 0#
#654194 1#
#654204 0#
#654225 1#
#654246 0#
#654267 1#
#654287 0#
#654298 1#
#654308 0#
#654329 1#
#654350 0#
#654371 1#
#654391 0#
#654402 1#
#654412 0#
#654433 1#
#654454 0#
#654475 1#
#654496 0#
#654506 1#
#654516 0#
#654527 1#
#654537 0#
#654548 1#
#654579 0#
#654589 1#
#654600 0#
#654610 1#
#654621 0#
#654683 1#
#654694 0#
#654714 1#
#654725 0#
#654735 1#
#654746 0#
#654756 1#
#654766 0#
#654777 1#
#654808 0#
#654818 1#
#654829 0#
#654839 1#
#654860 0#
#654881 1#
#654912 0#
#654923 1#
#654933 0#
#654943 1#
#654954 0#
#654996 1#
#655016 0#
#655027 1#
#655037 0#
#655058 1#
#655068 0#
#655100 1#
#655121 0#
#655131 1#
#655141 0#
#655173 1#
#655193 0#
#655204 1#
#655225 0#
#655235 1#
#655245 0#
#655256 1#
#655266 0#
#655277 1#
#655287 0#
#655308 1#
#655329 0#
#655339 1#
#655350 0#
#655412 1#
#655423 0#
#655443 1#
#655454 0#
#655495 1#
#655506 0#
#655516 1#
#655527 0#
#655548 1#
#655558 0#
#655568 1#
#655589 0#
#655631 1#
#655641 0#
#655652 1#
#655662 0#
#655673 1#
#655683 0#
#655725 1#
#655745 0#
#655756 1#
#655766 0#
#655787 1#
#655818 0#
#655829 1#
#655850 0#
#655860 1#
#655870 0#
#655902 1#
#655912 0#
#655933 1#
#655954 0#
#655964 1#
#655975 0#
#655985 1#
#655995 0#
#656016 1#
#656058 0#
#656068 1#
#656079 0#
#656141 1#
#656152 0#
#656172 1#
#656183 0#
#656193 1#
#656214 0#
#656256 1#
#656266 0#
#656277 1#
#656287 0#
#656297 1#
#656308 0#
#656349 1#
#656370 0#
#656381 1#
#656391 0#
#656412 1#
#656443 0#
#656454 1#
#656474 0#
#656485 1#
#656495 0#
#656506 1#
#656516 0#
#656527 1#
#656537 0#
#656558 1#
#656579 0#
#656589 1#
#656599 0#
#656662 1#
#656672 0#
#656693 1#
#656704 0#
#656724 1#
#656745 0#
#656756 1#
#656766 0#
#656776 1#
#656787 0#
#656797 1#
#656808 0#
#656818 1#
#656829 0#
#656870 1#
#656891 0#
#656901 1#
#656912 0#
#656922 1#
#656933 0#
#656943 1#
#656954 0#
#656964 1#
#656995 0#
#657006 1#
#657016 0#
#657047 1#
#657068 0#
#657078 1#
#657099 0#
#657110 1#
#657120 0#
#657151 1#
#657162 0#
#657172 1#
#657203 0#
#657214 1#
#657224 0#
#657235 1#
#657245 0#
#657266 1#
#657276 0#
#657287 1#
#657297 0#
#657318 1#
#657328 0#
#657339 1#
#657349 0#
#657360 1#
#657381 0#
#657422 1#
#657433 0#
#657453 1#
#657464 0#
#657474 1#
#657485 0#
#657526 1#
#657537 0#
#657547 1#
#657558 0#
#657568 1#
#657578 0#
#657599 1#
#657620 0#
#657630 1#
#657641 0#
#657662 1#
#657683 0#
#657703 1#
#657724 0#
#657735 1#
#657745 0#
#657755 1#
#657766 0#
#657787 1#
#657797 0#
#657808 1#
#657828 0#
#657839 1#
#657849 0#
#657870 1#
#657880 0#
#657891 1#
#657922 0#
#657943 1#
#657953 0#
#658016 1#
#658026 0#
#658047 1#
#658057 0#
#658068 1#
#658078 0#
#658089 1#
#658099 0#
#658130 1#
#658141 0#
#658151 1#
#658162 0#
#658193 1#
#658214 0#
#658235 1#
#658245 0#
#658255 1#
#658266 0#
#658287 1#
#658307 0#
#658339 1#
#658349 0#
#658359 1#
#658370 0#
#658432 1#
#658443 0#
#658464 1#
#658474 0#
#658505 1#
#658526 0#
#658547 1#
#658557 0#
#658568 1#
#658578 0#
#658589 1#
#658630 0#
#658641 1#
#658662 0#
#658672 1#
#658682 0#
#658693 1#
#658703 0#
#658745 1#
#658766 0#
#658776 1#
#658786 0#
#658818 1#
#658828 0#
#658849 1#
#658870 0#
#658880 1#
#658891 0#
#658901 1#
#658911 0#
#658922 1#
#658932 0#
#658953 1#
#658974 0#
#658984 1#
#658995 0#
#659016 1#
#659026 0#
#659047 1#
#659078 0#
#659089 1#
#659099 0#
#659120 1#
#659130 0#
#659141 1#
#659172 0#
#659193 1#
#659203 0#
#659266 1#
#659276 0#
#659297 1#
#659307 0#
#659359 1#
#659370 0#
#659380 1#
#659391 0#
#659401 1#
#659411 0#
#659422 1#
#659463 0#
#659474 1#
#659495 0#
#659505 1#
#659516 0#
#659526 1#
#659557 0#
#659568 1#
#659599 0#
#659609 1#
#659620 0#
#659630 1#
#659640 0#
#659651 1#
#659661 0#
#659682 1#
#659703 0#
#659713 1#
#659724 0#
#659745 1#
#659755 0#
#659776 1#
#659807 0#
#659818 1#
#659828 0#
#659838 1#
#659849 0#
#659859 1#
#659870 0#
#659890 1#
#659911 0#
#659922 1#
#659932 0#
#659963 1#
#659974 0#
#659995 1#
#660015 0#
#660026 1#
#660036 0#
#660099 1#
#660109 0#
#660130 1#
#660140 0#
#660161 1#
#660172 0#
#660203 1#
#660224 0#
#660234 1#
#660245 0#
#660255 1#
#660265 0#
#660286 1#
#660328 0#
#660338 1#
#660349 0#
#660411 1#
#660422 0#
#660442 1#
#660453 0#
#660484 1#
#660494 0#
#660505 1#
#660536 0#
#660547 1#
#660557 0#
#660599 1#
#660609 0#
#660619 1#
#660640 0#
#660651 1#
#660661 0#
#660672 1#
#660682 0#
#660692 1#
#660703 0#
#660724 1#
#660744 0#
#660755 1#
#660765 0#
#660828 1#
#660838 0#
#660859 1#
#660869 0#
#660880 1#
#660901 0#
#660942 1#
#660953 0#
#660963 1#
#660974 0#
#661015 1#
#661026 0#
#661036 1#
#661057 0#
#661067 1#
#661078 0#
#661099 1#
#661109 0#
#661130 1#
#661161 0#
#661171 1#
#661182 0#
#661192 1#
#661203 0#
#661224 1#
#661234 0#
#661244 1#
#661265 0#
#661276 1#
#661286 0#
#661296 1#
#661317 0#
#661338 1#
#661369 0#
#661380 1#
#661390 0#
#661421 1#
#661432 0#
#661442 1#
#661473 0#
#661484 1#
#661494 0#
#661505 1#
#661515 0#
#661526 1#
#661546 0#
#661557 1#
#661578 0#
#661588 1#
#661598 0#
#661609 1#
#661619 0#
#661661 1#
#661682 0#
#661692 1#
#661703 0#
#661713 1#
#661734 0#
#661755 1#
#661786 0#
#661796 1#
#661807 0#
#661869 1#
#661880 0#
#661900 1#
#661911 0#
#661921 1#
#661942 0#
#661963 1#
#661973 0#
#661984 1#
#661994 0#
#662005 1#
#662015 0#
#662067 1#
#662098 0#
#662109 1#
#662119 0#
#662130 1#
#662140 0#
#662161 1#
#662171 0#
#662182 1#
#662203 0#
#662213 1#
#662223 0#
#662244 1#
#662255 0#
#662275 1#
#662307 0#
#662317 1#
#662327 0#
#662338 1#
#662348 0#
#662369 1#
#662380 0#
#662390 1#
#662411 0#
#662421 1#
#662432 0#
#662463 1#
#662473 0#
#662484 1#
#662515 0#
#662525 1#
#662536 0#
#662546 1#
#662557 0#
#662567 1#
#662588 0#
#662630 1#
#662640 0#
#662661 1#
#662671 0#
#662682 1#
#662692 0#
#662734 1#
#662744 0#
#662754 1#
#662775 0#
#662786 1#
#662807 0#
#662817 1#
#662827 0#
#662838 1#
#662848 0#
#662890 1#
#662900 0#
#662921 1#
#662932 0#
#662942 1#
#662952 0#
#662963 1#
#663004 0#
#663015 1#
#663036 0#
#663046 1#
#663057 0#
#663088 1#
#663109 0#
#663119 1#
#663140 0#
#663150 1#
#663161 0#
#663171 1#
#663181 0#
#663202 1#
#663213 0#
#663223 1#
#663244 0#
#663254 1#
#663265 0#
#663296 1#
#663306 0#
#663327 1#
#663348 0#
#663359 1#
#663369 0#
#663379 1#
#663390 0#
#663431 1#
#663452 0#
#663463 1#
#663473 0#
#663484 1#
#663494 0#
#663515 1#
#663556 0#
#663567 1#
#663577 0#
#663640 1#
#663650 0#
#663671 1#
#663681 0#
#663702 1#
#663713 0#
#663754 1#
#663765 0#
#663775 1#
#663786 0#
#663796 1#
#663806 0#
#663817 1#
#663827 0#
#663838 1#
#663869 0#
#663879 1#
#663890 0#
#663900 1#
#663931 0#
#663952 1#
#663973 0#
#663983 1#
#663994 0#
#664004 1#
#664015 0#
#664025 1#
#664056 0#
#664067 1#
#664077 0#
#664088 1#
#664098 0#
#664119 1#
#664129 0#
#664140 1#
#664171 0#
#664192 1#
#664202 0#
#664265 1#
#664275 0#
#664296 1#
#664306 0#
#664338 1#
#664348 0#
#664358 1#
#664390 0#
#664400 1#
#664410 0#
#664452 1#
#664462 0#
#664473 1#
#664494 0#
#664504 1#
#664515 0#
#664525 1#
#664535 0#
#664546 1#
#664556 0#
#664577 1#
#664598 0#
#664608 1#
#664619 0#
#664681 1#
#664692 0#
#664712 1#
#664723 0#
#664744 1#
#664754 0#
#664785 1#
#664806 0#
#664817 1#
#664827 0#
#664837 1#
#664879 0#
#664889 1#
#664910 0#
#664921 1#
#664931 0#
#664942 1#
#664983 0#
#664994 1#
#665014 0#
#665025 1#
#665035 0#
#665067 1#
#665077 0#
#665087 1#
#665119 0#
#665129 1#
#665139 0#
#665202 1#
#665212 0#
#665233 1#
#665244 0#
#665254 1#
#665275 0#
#665316 1#
#665327 0#
#665337 1#
#665348 0#
#665400 1#
#665410 0#
#665421 1#
#665431 0#
#665441 1#
#665452 0#
#665462 1#
#665473 0#
#665483 1#
#665494 0#
#665504 1#
#665514 0#
#665525 1#
#665535 0#
#665546 1#
#665556 0#
#665619 1#
#665629 0#
#665650 1#
#665660 0#
#665671 1#
#665681 0#
#665702 1#
#665712 0#
#665723 1#
#665743 0#
#665754 1#
#665764 0#
#665775 1#
#665796 0#
#665816 1#
#665848 0#
#665858 1#
#665868 0#
#665931 1#
#665941 0#
#665962 1#
#665973 0#
#665993 1#
#666004 0#
#666025 1#
#666056 0#
#666066 1#
#666077 0#
#666087 1#
#666098 0#
#666108 1#
#666118 0#
#666129 1#
#666160 0#
#666170 1#
#666181 0#
#666202 1#
#666233 0#
#666243 1#
#666264 0#
#666275 1#
#666285 0#
#666306 1#
#666337 0#
#666348 1#
#666368 0#
#666379 1#
#666389 0#
#666400 1#
#666410 0#
#666431 1#
#666441 0#
#666452 1#
#666473 0#
#666483 1#
#666493 0#
#666514 1#
#666545 0#
#666556 1#
#666577 0#
#666587 1#
#666597 0#
#666608 1#
#666639 0#
#666660 1#
#666681 0#
#666691 1#
#666702 0#
#666764 1#
#666775 0#
#666795 1#
#666806 0#
#666816 1#
#666827 0#
#666868 1#
#666889 0#
#666900 1#
#666910 0#
#666941 1#
#666952 0#
#666962 1#
#666993 0#
#667004 1#
#667014 0#
#667077 1#
#667087 0#
#667108 1#
#667118 0#
#667139 1#
#667160 0#
#667181 1#
#667202 0#
#667212 1#
#667222 0#
#667233 1#
#667243 0#
#667254 1#
#667264 0#
#667274 1#
#667306 0#
#667316 1#
#667327 0#
#667358 1#
#667379 0#
#667389 1#
#667410 0#
#667420 1#
#667431 0#
#667462 1#
#667483 0#
#667493 1#
#667514 0#
#667524 1#
#667535 0#
#667597 1#
#667608 0#
#667629 1#
#667639 0#
#667649 1#
#667670 0#
#667712 1#
#667722 0#
#667733 1#
#667743 0#
#667785 1#
#667795 0#
#667806 1#
#667826 0#
#667837 1#
#667847 0#
#667868 1#
#667878 0#
#667899 1#
#667931 0#
#667941 1#
#667951 0#
#667962 1#
#667972 0#
#667993 1#
#668003 0#
#668014 1#
#668035 0#
#668045 1#
#668056 0#
#668066 1#
#668087 0#
#668108 1#
#668139 0#
#668149 1#
#668160 0#
#668191 1#
#668201 0#
#668212 1#
#668243 0#
#668253 1#
#668264 0#
#668274 1#
#668285 0#
#668295 1#
#668316 0#
#668326 1#
#668347 0#
#668358 1#
#668368 0#
#668378 1#
#668389 0#
#668430 1#
#668451 0#
#668462 1#
#668472 0#
#668483 1#
#668503 0#
#668524 1#
#668555 0#
#668566 1#
#668576 0#
#668639 1#
#668649 0#
#668670 1#
#668680 0#
#668691 1#
#668701 0#
#668712 1#
#668733 0#
#668743 1#
#668764 0#
#668774 1#
#668785 0#
#668795 1#
#668805 0#
#668847 1#
#668868 0#
#668878 1#
#668889 0#
#668899 1#
#668930 0#
#668951 1#
#668972 0#
#668982 1#
#668993 0#
#669003 1#
#669014 0#
#669035 1#
#669045 0#
#669055 1#
#669076 0#
#669087 1#
#669097 0#
#669107 1#
#669128 0#
#669160 1#
#669180 0#
#669191 1#
#669201 0#
#669264 1#
#669274 0#
#669295 1#
#669305 0#
#669326 1#
#669347 0#
#669368 1#
#669389 0#
#669399 1#
#669409 0#
#669430 1#
#669441 0#
#669462 1#
#669493 0#
#669503 1#
#669514 0#
#669524 1#
#669534 0#
#669545 1#
#669555 0#
#669576 1#
#669597 0#
#669607 1#
#669618 0#
#669628 1#
#669639 0#
#669670 1#
#669701 0#
#669711 1#
#669722 0#
#669732 1#
#669743 0#
#669753 1#
#669764 0#
#669774 1#
#669805 0#
#669816 1#
#669826 0#
#669836 1#
#669847 0#
#669857 1#
#669868 0#
#669889 1#
#669909 0#
#669920 1#
#669930 0#
#669951 1#
#669982 0#
#669993 1#
#670014 0#
#670024 1#
#670034 0#
#670045 1#
#670066 0#
#670097 1#
#670118 0#
#670128 1#
#670138 0#
#670149 1#
#670159 0#
#670180 1#
#670222 0#
#670232 1#
#670243 0#
#670263 1#
#670295 0#
#670305 1#
#670316 0#
#670336 1#
#670347 0#
#670357 1#
#670368 0#
#670378 1#
#670399 0#
#670441 1#
#670451 0#
#670472 1#
#670482 0#
#670493 1#
#670503 0#
#670545 1#
#670555 0#
#670576 1#
#670586 0#
#670607 1#
#670618 0#
#670628 1#
#670638 0#
#670649 1#
#670659 0#
#670670 1#
#670680 0#
#670722 1#
#670743 0#
#670753 1#
#670763 0#
#670784 1#
#670815 0#
#670826 1#
#670847 0#
#670857 1#
#670868 0#
#670899 1#
#670909 0#
#670930 1#
#670951 0#
#670961 1#
#670972 0#
#670982 1#
#671024 0#
#671034 1#
#671055 0#
#671065 1#
#671076 0#
#671086 1#
#671097 0#
#671107 1#
#671128 0#
#671138 1#
#671159 0#
#671170 1#
#671180 0#
#671242 1#
#671253 0#
#671274 1#
#671284 0#
#671295 1#
#671305 0#
#671326 1#
#671336 0#
#671347 1#
#671367 0#
#671378 1#
#671388 0#
#671409 1#
#671440 0#
#671451 1#
#671472 0#
#671482 1#
#671492 0#
#671503 1#
#671513 0#
#671534 1#
#671544 0#
#671555 1#
#671576 0#
#671586 1#
#671597 0#
#671628 1#
#671638 0#
#671649 1#
#671680 0#
#671690 1#
#671701 0#
#671722 1#
#671732 0#
#671742 1#
#671774 0#
#671794 1#
#671805 0#
#671867 1#
#671878 0#
#671899 1#
#671909 0#
#671930 1#
#671940 0#
#671961 1#
#671992 0#
#672003 1#
#672013 0#
#672024 1#
#672034 0#
#672076 1#
#672096 0#
#672107 1#
#672117 0#
#672138 1#
#672169 0#
#672180 1#
#672201 0#
#672211 1#
#672221 0#
#672253 1#
#672263 0#
#672284 1#
#672305 0#
#672315 1#
#672326 0#
#672336 1#
#672378 0#
#672388 1#
#672409 0#
#672419 1#
#672430 0#
#672440 1#
#672451 0#
#672461 1#
#672482 0#
#672492 1#
#672513 0#
#672523 1#
#672534 0#
#672555 1#
#672565 0#
#672576 1#
#672607 0#
#672628 1#
#672638 0#
#672700 1#
#672711 0#
#672732 1#
#672742 0#
#672773 1#
#672784 0#
#672794 1#
#672825 0#
#672836 1#
#672846 0#
#672857 1#
#672888 0#
#672898 1#
#672930 0#
#672940 1#
#672950 0#
#672961 1#
#672971 0#
#672992 1#
#673003 0#
#673013 1#
#673034 0#
#673044 1#
#673055 0#
#673075 1#
#673107 0#
#673117 1#
#673138 0#
#673148 1#
#673159 0#
#673169 1#
#673190 0#
#673200 1#
#673211 0#
#673221 1#
#673242 0#
#673252 1#
#673263 0#
#673294 1#
#673315 0#
#673325 1#
#673346 0#
#673357 1#
#673367 0#
#673377 1#
#673388 0#
#673409 1#
#673419 0#
#673430 1#
#673450 0#
#673461 1#
#673471 0#
#673492 1#
#673523 0#
#673534 1#
#673554 0#
#673565 1#
#673575 0#
#673586 1#
#673617 0#
#673638 1#
#673659 0#
#673669 1#
#673679 0#
#673742 1#
#673752 0#
#673773 1#
#673784 0#
#673815 1#
#673836 0#
#673846 1#
#673867 0#
#673877 1#
#673888 0#
#673898 1#
#673909 0#
#673929 1#
#673940 0#
#673950 1#
#673971 0#
#673981 1#
#673992 0#
#674002 1#
#674034 0#
#674054 1#
#674075 0#
#674086 1#
#674096 0#
#674138 1#
#674148 0#
#674159 1#
#674179 0#
#674190 1#
#674200 0#
#674231 1#
#674242 0#
#674252 1#
#674284 0#
#674294 1#
#674304 0#
#674315 1#
#674336 0#
#674356 1#
#674388 0#
#674398 1#
#674409 0#
#674471 1#
#674481 0#
#674502 1#
#674513 0#
#674523 1#
#674533 0#
#674554 1#
#674565 0#
#674575 1#
#674596 0#
#674606 1#
#674617 0#
#674638 1#
#674669 0#
#674679 1#
#674700 0#
#674711 1#
#674721 0#
#674731 1#
#674742 0#
#674763 1#
#674773 0#
#674783 1#
#674804 0#
#674815 1#
#674825 0#
#674856 1#
#674867 0#
#674877 1#
#674908 0#
#674919 1#
#674929 0#
#674940 1#
#674950 0#
#674971 1#
#674981 0#
#674992 1#
#675013 0#
#675023 1#
#675033 0#
#675044 1#
#675054 0#
#675096 1#
#675117 0#
#675127 1#
#675138 0#
#675169 1#
#675190 0#
#675200 1#
#675221 0#
#675231 1#
#675242 0#
#675252 1#
#675263 0#
#675283 1#
#675294 0#
#675304 1#
#675325 0#
#675335 1#
#675346 0#
#675367 1#
#675377 0#
#675387 1#
#675429 0#
#675440 1#
#675450 0#
#675460 1#
#675471 0#
#675481 1#
#675492 0#
#675512 1#
#675533 0#
#675544 1#
#675554 0#
#675585 1#
#675596 0#
#675617 1#
#675637 0#
#675648 1#
#675658 0#
#675679 1#
#675710 0#
#675721 1#
#675731 0#
#675752 1#
#675762 0#
#675773 1#
#675783 0#
#675794 1#
#675814 0#
#675856 1#
#675867 0#
#675887 1#
#675898 0#
#675908 1#
#675919 0#
#675960 1#
#675971 0#
#675992 1#
#676002 0#
#676023 1#
#676033 0#
#676044 1#
#676054 0#
#676064 1#
#676075 0#
#676085 1#
#676096 0#
#676137 1#
#676158 0#
#676169 1#
#676179 0#
#676200 1#
#676231 0#
#676241 1#
#676262 0#
#676273 1#
#676283 0#
#676314 1#
#676325 0#
#676346 1#
#676366 0#
#676377 1#
#676387 0#
#676398 1#
#676439 0#
#676450 1#
#676471 0#
#676481 1#
#676491 0#
#676502 1#
#676512 0#
#676523 1#
#676544 0#
#676554 1#
#676575 0#
#676585 1#
#676596 0#
#676616 1#
#676627 0#
#676637 1#
#676668 0#
#676689 1#
#676700 0#
#676762 1#
#676773 0#
#676793 1#
#676804 0#
#676814 1#
#676835 0#
#676877 1#
#676887 0#
#676898 1#
#676908 0#
#676950 1#
#676960 0#
#676971 1#
#676991 0#
#677002 1#
#677012 0#
#677033 1#
#677043 0#
#677064 1#
#677095 0#
#677106 1#
#677116 0#
#677127 1#
#677137 0#
#677158 1#
#677168 0#
#677179 1#
#677200 0#
#677210 1#
#677220 0#
#677231 1#
#677252 0#
#677273 1#
#677304 0#
#677314 1#
#677325 0#
#677356 1#
#677366 0#
#677377 1#
#677408 0#
#677418 1#
#677429 0#
#677439 1#
#677450 0#
#677460 1#
#677481 0#
#677491 1#
#677512 0#
#677522 1#
#677533 0#
#677543 1#
#677554 0#
#677595 1#
#677616 0#
#677627 1#
#677637 0#
#677647 1#
#677668 0#
#677689 1#
#677720 0#
#677731 1#
#677741 0#
#677804 1#
#677814 0#
#677835 1#
#677845 0#
#677856 1#
#677877 0#
#677908 1#
#677929 0#
#677939 1#
#677949 0#
#677991 1#
#678002 0#
#678012 1#
#678033 0#
#678043 1#
#678054 0#
#678064 1#
#678074 0#
#678085 1#
#678095 0#
#678116 1#
#678137 0#
#678147 1#
#678158 0#
#678168 1#
#678179 0#
#678189 1#
#678199 0#
#678220 1#
#678241 0#
#678252 1#
#678262 0#
#678283 1#
#678293 0#
#678314 1#
#678345 0#
#678356 1#
#678366 0#
#678429 1#
#678439 0#
#678460 1#
#678470 0#
#678481 1#
#678512 0#
#678533 1#
#678554 0#
#678564 1#
#678574 0#
#678585 1#
#678595 0#
#678606 1#
#678616 0#
#678637 1#
#678658 0#
#678668 1#
#678679 0#
#678699 1#
#678731 0#
#678741 1#
#678762 0#
#678772 1#
#678783 0#
#678793 1#
#678803 0#
#678814 1#
#678824 0#
#678845 1#
#678866 0#
#678876 1#
#678887 0#
#678908 1#
#678918 0#
#678939 1#
#678970 0#
#678981 1#
#678991 0#
#679001 1#
#679012 0#
#679053 1#
#679074 0#
#679085 1#
#679095 0#
#679126 1#
#679137 0#
#679147 1#
#679178 0#
#679189 1#
#679199 0#
#679210 1#
#679220 0#
#679230 1#
#679241 0#
#679262 1#
#679283 0#
#679293 1#
#679303 0#
#679335 1#
#679345 0#
#679366 1#
#679387 0#
#679397 1#
#679408 0#
#679470 1#
#679480 0#
#679501 1#
#679512 0#
#679533 1#
#679553 0#
#679574 1#
#679595 0#
#679605 1#
#679616 0#
#679626 1#
#679668 0#
#679678 1#
#679699 0#
#679710 1#
#679720 0#
#679741 1#
#679751 0#
#679772 1#
#679803 0#
#679814 1#
#679824 0#
#679887 1#
#679897 0#
#679918 1#
#679928 0#
#679939 1#
#679949 0#
#679991 1#
#680012 0#
#680022 1#
#680032 0#
#680064 1#
#680085 0#
#680095 1#
#680116 0#
#680126 1#
#680137 0#
#680168 1#
#680189 0#
#680199 1#
#680220 0#
#680230 1#
#680241 0#
#680303 1#
#680314 0#
#680334 1#
#680345 0#
#680397 1#
#680428 0#
#680439 1#
#680449 0#
#680470 1#
#680480 0#
#680501 1#
#680532 0#
#680543 1#
#680553 0#
#680564 1#
#680605 0#
#680616 1#
#680636 0#
#680647 1#
#680657 0#
#680668 1#
#680689 0#
#680720 1#
#680741 0#
#680751 1#
#680761 0#
#680772 1#
#680782 0#
#680793 1#
#680803 0#
#680824 1#
#680845 0#
#680855 1#
#680866 0#
#680876 1#
#680897 0#
#680918 1#
#680949 0#
#680959 1#
#680970 0#
#680980 1#
#681001 0#
#681022 1#
#681053 0#
#681063 1#
#681074 0#
#681084 1#
#681095 0#
#681105 1#
#681116 0#
#681136 1#
#681157 0#
#681168 1#
#681178 0#
#681188 1#
#681209 0#
#681230 1#
#681261 0#
#681272 1#
#681282 0#
#681303 1#
#681334 0#
#681345 1#
#681355 0#
#681376 1#
#681386 0#
#681397 1#
#681407 0#
#681418 1#
#681438 0#
#681480 1#
#681490 0#
#681511 1#
#681522 0#
#681532 1#
#681543 0#
#681584 1#
#681595 0#
#681605 1#
#681615 0#
#681626 1#
#681636 0#
#681657 1#
#681678 0#
#681688 1#
#681699 0#
#681709 1#
#681720 0#
#681761 1#
#681782 0#
#681793 1#
#681803 0#
#681824 1#
#681834 0#
#681855 1#
#681886 0#
#681897 1#
#681907 0#
#681938 1#
#681959 0#
#681970 1#
#681990 0#
#682001 1#
#682011 0#
#682022 1#
#682032 0#
#682053 1#
#682095 0#
#682105 1#
#682115 0#
#682178 1#
#682188 0#
#682209 1#
#682220 0#
#682230 1#
#682251 0#
#682282 1#
#682303 0#
#682313 1#
#682324 0#
#682334 1#
#682376 0#
#682386 1#
#682407 0#
#682417 1#
#682428 0#
#682449 1#
#682480 0#
#682490 1#
#682511 0#
#682522 1#
#682532 0#
#682542 1#
#682563 0#
#682584 1#
#682615 0#
#682626 1#
#682636 0#
#682647 1#
#682688 0#
#682699 1#
#682719 0#
#682730 1#
#682740 0#
#682771 1#
#682792 0#
#682803 1#
#682824 0#
#682834 1#
#682844 0#
#682855 1#
#682865 0#
#682876 1#
#682886 0#
#682907 1#
#682928 0#
#682938 1#
#682949 0#
#682969 1#
#682980 0#
#682990 1#
#683021 0#
#683042 1#
#683053 0#
#683115 1#
#683126 0#
#683146 1#
#683157 0#
#683167 1#
#683188 0#
#683209 1#
#683219 0#
#683230 1#
#683240 0#
#683251 1#
#683261 0#
#683292 1#
#683313 0#
#683323 1#
#683344 0#
#683355 1#
#683365 0#
#683376 1#
#683386 0#
#683396 1#
#683407 0#
#683428 1#
#683448 0#
#683459 1#
#683469 0#
#683480 1#
#683490 0#
#683511 1#
#683521 0#
#683532 1#
#683553 0#
#683563 1#
#683573 0#
#683584 1#
#683615 0#
#683636 1#
#683657 0#
#683667 1#
#683678 0#
#683719 1#
#683730 0#
#683740 1#
#683761 0#
#683771 1#
#683782 0#
#683844 1#
#683855 0#
#683875 1#
#683886 0#
#683907 1#
#683917 0#
#683948 1#
#683969 0#
#683980 1#
#683990 0#
#684000 1#
#684011 0#
#684021 1#
#684032 0#
#684052 1#
#684073 0#
#684084 1#
#684094 0#
#684125 1#
#684146 0#
#684157 1#
#684177 0#
#684188 1#
#684198 0#
#684230 1#
#684250 0#
#684261 1#
#684282 0#
#684292 1#
#684302 0#
#684313 1#
#684334 0#
#684355 1#
#684386 0#
#684396 1#
#684407 0#
#684469 1#
#684479 0#
#684500 1#
#684511 0#
#684552 1#
#684563 0#
#684573 1#
#684594 0#
#684604 1#
#684615 0#
#684625 1#
#684636 0#
#684646 1#
#684657 0#
#684677 1#
#684698 0#
#684709 1#
#684719 0#
#684729 1#
#684740 0#
#684782 1#
#684802 0#
#684813 1#
#684823 0#
#684844 1#
#684854 0#
#684875 1#
#684906 0#
#684917 1#
#684927 0#
#684959 1#
#684969 0#
#684990 1#
#685011 0#
#685021 1#
#685031 0#
#685094 1#
#685104 0#
#685125 1#
#685136 0#
#685156 1#
#685177 0#
#685198 1#
#685219 0#
#685229 1#
#685240 0#
#685250 1#
#685261 0#
#685302 1#
#685323 0#
#685333 1#
#685344 0#
#685354 1#
#685365 0#
#685386 1#
#685396 0#
#685406 1#
#685427 0#
#685438 1#
#685448 0#
#685469 1#
#685500 0#
#685511 1#
#685531 0#
#685542 1#
#685552 0#
#685583 1#
#685594 0#
#685604 1#
#685636 0#
#685646 1#
#685656 0#
#685688 1#
#685708 0#
#685719 1#
#685740 0#
#685750 1#
#685760 0#
#685771 1#
#685781 0#
#685802 1#
#685844 0#
#685854 1#
#685865 0#
#685927 1#
#685938 0#
#685958 1#
#685969 0#
#685979 1#
#685990 0#
#686010 1#
#686021 0#
#686031 1#
#686052 0#
#686063 1#
#686073 0#
#686094 1#
#686125 0#
#686135 1#
#686156 0#
#686167 1#
#686177 0#
#686240 1#
#686250 0#
#686271 1#
#686281 0#
#686312 1#
#686323 0#
#686333 1#
#686365 0#
#686375 1#
#686385 0#
#686427 1#
#686437 0#
#686448 1#
#686469 0#
#686479 1#
#686490 0#
#686500 1#
#686510 0#
#686521 1#
#686531 0#
#686552 1#
#686573 0#
#686583 1#
#686594 0#
#686656 1#
#686667 0#
#686687 1#
#686698 0#
#686729 1#
#686739 0#
#686760 1#
#686781 0#
#686792 1#
#686802 0#
#686812 1#
#686823 0#
#686844 1#
#686854 0#
#686864 1#
#686885 0#
#686896 1#
#686906 0#
#686917 1#
#686937 0#
#686958 1#
#686989 0#
#687000 1#
#687010 0#
#687042 1#
#687052 0#
#687062 1#
#687094 0#
#687104 1#
#687114 0#
#687125 1#
#687135 0#
#687177 1#
#687198 0#
#687208 1#
#687219 0#
#687239 1#
#687271 0#
#687281 1#
#687302 0#
#687312 1#
#687323 0#
#687333 1#
#687354 0#
#687385 1#
#687406 0#
#687416 1#
#687427 0#
#687437 1#
#687448 0#
#687458 1#
#687469 0#
#687489 1#
#687510 0#
#687521 1#
#687531 0#
#687552 1#
#687583 0#
#687593 1#
#687604 0#
#687625 1#
#687635 0#
#687656 1#
#687687 0#
#687698 1#
#687708 0#
#687729 1#
#687739 0#
#687760 1#
#687791 0#
#687802 1#
#687812 0#
#687833 1#
#687843 0#
#687854 1#
#687864 0#
#687875 1#
#687896 0#
#687937 1#
#687948 0#
#687968 1#
#687979 0#
#687989 1#
#688000 0#
#688041 1#
#688052 0#
#688093 1#
#688104 0#
#688125 1#
#688135 0#
#688145 1#
#688156 0#
#688166 1#
#688208 0#
#688218 1#
#688239 0#
#688250 1#
#688260 0#
#688270 1#
#688281 0#
#688323 1#
#688333 0#
#688354 1#
#688364 0#
#688427 1#
#688437 0#
#688458 1#
#688468 0#
#688510 1#
#688520 0#
#688541 1#
#688552 0#
#688562 1#
#688572 0#
#688583 1#
#688625 0#
#688635 1#
#688656 0#
#688666 1#
#688677 0#
#688687 1#
#688697 0#
#688739 1#
#688750 0#
#688770 1#
#688781 0#
#688843 1#
#688854 0#
#688874 1#
#688885 0#
#688927 1#
#688937 0#
#688958 1#
#688968 0#
#688979 1#
#688989 0#
#688999 1#
#689041 0#
#689052 1#
#689072 0#
#689083 1#
#689093 0#
#689104 1#
#689114 0#
#689156 1#
#689166 0#
#689187 1#
#689197 0#
#689260 1#
#689270 0#
#689291 1#
#689301 0#
#689322 1#
#689333 0#
#689374 1#
#689385 0#
#689395 1#
#689406 0#
#689416 1#
#689458 0#
#689468 1#
#689489 0#
#689499 1#
#689510 0#
#689520 1#
#689562 0#
#689572 1#
#689593 0#
#689604 1#
#689614 0#
#689645 1#
#689656 0#
#689666 1#
#689697 0#
#689708 1#
#689718 0#
#689728 1#
#689739 0#
#689760 1#
#689770 0#
#689781 1#
#689801 0#
#689812 1#
#689822 0#
#689843 1#
#689874 0#
#689885 1#
#689906 0#
#689916 1#
#689926 0#
#689937 1#
#689968 0#
#689989 1#
#690010 0#
#690020 1#
#690031 0#
#690093 1#
#690103 0#
#690124 1#
#690135 0#
#690145 1#
#690166 0#
#690208 1#
#690218 0#
#690228 1#
#690239 0#
#690280 1#
#690291 0#
#690301 1#
#690322 0#
#690333 1#
#690343 0#
#690364 1#
#690374 0#
#690395 1#
#690426 0#
#690437 1#
#690447 0#
#690458 1#
#690468 0#
#690489 1#
#690499 0#
#690510 1#
#690530 0#
#690541 1#
#690551 0#
#690562 1#
#690582 0#
#690603 1#
#690635 0#
#690645 1#
#690655 0#
#690687 1#
#690697 0#
#690707 1#
#690739 0#
#690749 1#
#690760 0#
#690770 1#
#690780 0#
#690791 1#
#690812 0#
#690822 1#
#690843 0#
#690853 1#
#690864 0#
#690874 1#
#690885 0#
#690926 1#
#690947 0#
#690957 1#
#690968 0#
#690978 1#
#690999 0#
#691020 1#
#691051 0#
#691062 1#
#691072 0#
#691134 1#
#691145 0#
#691166 1#
#691176 0#
#691187 1#
#691207 0#
#691218 1#
#691228 0#
#691249 1#
#691259 0#
#691270 1#
#691280 0#
#691291 1#
#691301 0#
#691312 1#
#691322 0#
#691343 1#
#691364 0#
#691374 1#
#691384 0#
#691405 1#
#691416 0#
#691436 1#
#691468 0#
#691478 1#
#691489 0#
#691509 1#
#691541 0#
#691551 1#
#691572 0#
#691582 1#
#691593 0#
#691603 1#
#691614 0#
#691624 1#
#691634 0#
#691655 1#
#691676 0#
#691686 1#
#691697 0#
#691728 1#
#691749 0#
#691759 1#
#691780 0#
#691791 1#
#691801 0#
#691822 1#
#691853 0#
#691863 1#
#691874 0#
#691895 1#
#691905 0#
#691926 1#
#691957 0#
#691968 1#
#691978 0#
#691999 1#
#692009 0#
#692030 1#
#692061 0#
#692072 1#
#692082 0#
#692103 1#
#692113 0#
#692124 1#
#692134 0#
#692145 1#
#692166 0#
#692207 1#
#692218 0#
#692238 1#
#692249 0#
#692259 1#
#692270 0#
#692311 1#
#692322 0#
#692353 1#
#692374 0#
#692395 1#
#692405 0#
#692415 1#
#692426 0#
#692436 1#
#692478 0#
#692488 1#
#692509 0#
#692520 1#
#692530 0#
#692540 1#
#692551 0#
#692593 1#
#692613 0#
#692624 1#
#692634 0#
#692665 1#
#692676 0#
#692697 1#
#692718 0#
#692728 1#
#692738 0#
#692749 1#
#692759 0#
#692780 1#
#692790 0#
#692801 1#
#692822 0#
#692832 1#
#692842 0#
#692863 1#
#692895 0#
#692905 1#
#692926 0#
#692936 1#
#692947 0#
#692957 1#
#692988 0#
#693009 1#
#693030 0#
#693040 1#
#693051 0#
#693113 1#
#693124 0#
#693145 1#
#693155 0#
#693186 1#
#693197 0#
#693207 1#
#693238 0#
#693249 1#
#693259 0#
#693301 1#
#693311 0#
#693322 1#
#693342 0#
#693353 1#
#693363 0#
#693374 1#
#693384 0#
#693394 1#
#693405 0#
#693426 1#
#693447 0#
#693457 1#
#693467 0#
#693530 1#
#693540 0#
#693561 1#
#693572 0#
#693592 1#
#693603 0#
#693624 1#
#693634 0#
#693644 1#
#693655 0#
#693665 1#
#693676 0#
#693686 1#
#693696 0#
#693707 1#
#693717 0#
#693738 1#
#693759 0#
#693769 1#
#693780 0#
#693790 1#
#693801 0#
#693821 1#
#693832 0#
#693842 1#
#693863 0#
#693874 1#
#693884 0#
#693905 1#
#693936 0#
#693946 1#
#693967 0#
#693978 1#
#693988 0#
#694019 1#
#694030 0#
#694051 1#
#694071 0#
#694082 1#
#694092 0#
#694103 1#
#694113 0#
#694123 1#
#694134 0#
#694155 1#
#694176 0#
#694186 1#
#694196 0#
#694207 1#
#694217 0#
#694228 1#
#694238 0#
#694259 1#
#694280 0#
#694290 1#
#694301 0#
#694321 1#
#694332 0#
#694353 1#
#694384 0#
#694394 1#
#694405 0#
#694467 1#
#694478 0#
#694498 1#
#694509 0#
#694519 1#
#694561 0#
#694582 1#
#694592 0#
#694603 1#
#694613 0#
#694665 1#
#694696 0#
#694707 1#
#694717 0#
#694728 1#
#694738 0#
#694748 1#
#694759 0#
#694780 1#
#694800 0#
#694811 1#
#694821 0#
#694842 1#
#694853 0#
#694873 1#
#694905 0#
#694915 1#
#694925 0#
#694936 1#
#694946 0#
#694988 1#
#695009 0#
#695019 1#
#695030 0#
#695061 1#
#695071 0#
#695082 1#
#695113 0#
#695123 1#
#695134 0#
#695144 1#
#695155 0#
#695175 1#
#695186 0#
#695196 1#
#695217 0#
#695227 1#
#695238 0#
#695259 1#
#695290 0#
#695300 1#
#695321 0#
#695332 1#
#695342 0#
#695352 1#
#695384 0#
#695404 1#
#695425 0#
#695436 1#
#695446 0#
#695509 1#
#695519 0#
#695540 1#
#695550 0#
#695561 1#
#695582 0#
#695602 1#
#695613 0#
#695623 1#
#695634 0#
#695644 1#
#695654 0#
#695665 1#
#695675 0#
#695696 1#
#695738 0#
#695748 1#
#695759 0#
#695769 1#
#695790 0#
#695811 1#
#695842 0#
#695852 1#
#695863 0#
#695894 1#
#695904 0#
#695915 1#
#695946 0#
#695956 1#
#695967 0#
#695977 1#
#695988 0#
#695998 1#
#696009 0#
#696029 1#
#696050 0#
#696061 1#
#696071 0#
#696081 1#
#696092 0#
#696102 1#
#696123 0#
#696134 1#
#696154 0#
#696165 1#
#696175 0#
#696238 1#
#696248 0#
#696269 1#
#696279 0#
#696300 1#
#696321 0#
#696342 1#
#696363 0#
#696373 1#
#696383 0#
#696404 1#
#696415 0#
#696436 1#
#696467 0#
#696477 1#
#696488 0#
#696498 1#
#696540 0#
#696550 1#
#696571 0#
#696581 1#
#696592 0#
#696602 1#
#696613 0#
#696623 1#
#696644 0#
#696654 1#
#696675 0#
#696685 1#
#696696 0#
#696758 1#
#696769 0#
#696790 1#
#696800 0#
#696831 1#
#696842 0#
#696852 1#
#696883 0#
#696894 1#
#696904 0#
#696946 1#
#696956 0#
#696967 1#
#696988 0#
#696998 1#
#697008 0#
#697019 1#
#697029 0#
#697040 1#
#697050 0#
#697071 1#
#697092 0#
#697102 1#
#697112 0#
#697175 1#
#697185 0#
#697206 1#
#697217 0#
#697237 1#
#697269 0#
#697290 1#
#697300 0#
#697310 1#
#697321 0#
#697331 1#
#697373 0#
#697383 1#
#697404 0#
#697415 1#
#697425 0#
#697446 1#
#697456 0#
#697477 1#
#697508 0#
#697519 1#
#697529 0#
#697560 1#
#697571 0#
#697581 1#
#697612 0#
#697623 1#
#697633 0#
#697675 1#
#697685 0#
#697696 1#
#697717 0#
#697727 1#
#697737 0#
#697800 1#
#697810 0#
#697831 1#
#697842 0#
#697894 1#
#697904 0#
#697914 1#
#697925 0#
#697935 1#
#697946 0#
#697956 1#
#697998 0#
#698008 1#
#698029 0#
#698039 1#
#698050 0#
#698081 1#
#698102 0#
#698112 1#
#698133 0#
#698144 1#
#698154 0#
#698164 1#
#698175 0#
#698185 1#
#698196 0#
#698216 1#
#698237 0#
#698248 1#
#698258 0#
#698279 1#
#698289 0#
#698321 1#
#698362 0#
#698446 1#
#698466 0#
#698477 1#
#698487 0#
#698508 1#
#698529 0#
#698550 1#
#698571 0#
#698581 1#
#698602 0#
#698623 1#
#698654 0#
#698664 1#
#698675 0#
#698737 1#
#698748 0#
#698768 1#
#698779 0#
#698789 1#
#698800 0#
#698821 1#
#698831 0#
#698841 1#
#698862 0#
#698873 1#
#698883 0#
#698904 1#
#698935 0#
#698945 1#
#698966 0#
#698977 1#
#698987 0#
#698998 1#
#699008 0#
#699029 1#
#699039 0#
#699050 1#
#699070 0#
#699081 1#
#699091 0#
#699123 1#
#699133 0#
#699143 1#
#699175 0#
#699185 1#
#699195 0#
#699216 1#
#699227 0#
#699248 1#
#699279 0#
#699289 1#
#699300 0#
#699331 1#
#699341 0#
#699362 1#
#699383 0#
#699393 1#
#699404 0#
#699425 1#
#699456 0#
#699466 1#
#699477 0#
#699497 1#
#699508 0#
#699529 1#
#699560 0#
#699570 1#
#699581 0#
#699602 1#
#699612 0#
#699633 1#
#699664 0#
#699675 1#
#699685 0#
#699706 1#
#699716 0#
#699727 1#
#699737 0#
#699747 1#
#699768 0#
#699810 1#
#699820 0#
#699841 1#
#699852 0#
#699862 1#
#699872 0#
#699914 1#
#699924 0#
#699945 1#
#699966 0#
#699997 1#
#700008 0#
#700018 1#
#700029 0#
#700049 1#
#700060 0#
#700081 1#
#700112 0#
#700122 1#
#700133 0#
#700143 1#
#700154 0#
#700164 1#
#700174 0#
#700195 1#
#700216 0#
#700226 1#
#700237 0#
#700247 1#
#700258 0#
#700268 1#
#700279 0#
#700299 1#
#700320 0#
#700331 1#
#700341 0#
#700351 1#
#700362 0#
#700383 1#
#700393 0#
#700404 1#
#700424 0#
#700435 1#
#700445 0#
#700466 1#
#700497 0#
#700508 1#
#700529 0#
#700539 1#
#700549 0#
#700560 1#
#700591 0#
#700612 1#
#700633 0#
#700643 1#
#700653 0#
#700716 1#
#700726 0#
#700747 1#
#700758 0#
#700768 1#
#700778 0#
#700789 1#
#700799 0#
#700810 1#
#700841 0#
#700851 1#
#700862 0#
#700883 1#
#700914 0#
#700924 1#
#700945 0#
#700956 1#
#700966 0#
#700976 1#
#700987 0#
#700997 1#
#701008 0#
#701018 1#
#701049 0#
#701060 1#
#701070 0#
#701080 1#
#701101 0#
#701122 1#
#701153 0#
#701164 1#
#701174 0#
#701185 1#
#701195 0#
#701205 1#
#701216 0#
#701237 1#
#701258 0#
#701268 1#
#701278 0#
#701310 1#
#701320 0#
#701341 1#
#701362 0#
#701372 1#
#701383 0#
#701445 1#
#701455 0#
#701476 1#
#701487 0#
#701497 1#
#701518 0#
#701528 1#
#701539 0#
#701549 1#
#701570 0#
#701580 1#
#701591 0#
#701601 1#
#701612 0#
#701622 1#
#701632 0#
#701653 1#
#701674 0#
#701685 1#
#701695 0#
#701716 1#
#701726 0#
#701747 1#
#701778 0#
#701789 1#
#701799 0#
#701820 1#
#701851 0#
#701862 1#
#701882 0#
#701893 1#
#701903 0#
#701914 1#
#701924 0#
#701934 1#
#701945 0#
#701966 1#
#701987 0#
#701997 1#
#702007 0#
#702039 1#
#702059 0#
#702070 1#
#702091 0#
#702101 1#
#702112 0#
#702174 1#
#702184 0#
#702205 1#
#702216 0#
#702226 1#
#702237 0#
#702247 1#
#702268 0#
#702278 1#
#702299 0#
#702309 1#
#702320 0#
#702330 1#
#702341 0#
#702351 1#
#702361 0#
#702382 1#
#702403 0#
#702414 1#
#702424 0#
#702434 1#
#702445 0#
#702455 1#
#702476 0#
#702486 1#
#702507 0#
#702518 1#
#702528 0#
#702539 1#
#702580 0#
#702591 1#
#702611 0#
#702622 1#
#702632 0#
#702653 1#
#702664 0#
#702684 1#
#702716 0#
#702726 1#
#702736 0#
#702747 1#
#702757 0#
#702778 1#
#702820 0#
#702830 1#
#702841 0#
#702861 1#
#702872 0#
#702882 1#
#702913 0#
#702934 1#
#702945 0#
#703007 1#
#703018 0#
#703038 1#
#703049 0#
#703059 1#
#703091 0#
#703101 1#
#703111 0#
#703122 1#
#703132 0#
#703143 1#
#703153 0#
#703174 1#
#703184 0#
#703205 1#
#703236 0#
#703247 1#
#703257 0#
#703268 1#
#703278 0#
#703320 1#
#703340 0#
#703351 1#
#703361 0#
#703413 1#
#703445 0#
#703455 1#
#703465 0#
#703518 1#
#703549 0#
#703559 1#
#703570 0#
#703580 1#
#703590 0#
#703611 1#
#703622 0#
#703632 1#
#703653 0#
#703663 1#
#703674 0#
#703695 1#
#703726 0#
#703736 1#
#703757 0#
#703767 1#
#703778 0#
#703788 1#
#703820 0#
#703840 1#
#703861 0#
#703872 1#
#703882 0#
#703945 1#
#703955 0#
#703976 1#
#703986 0#
#704038 1#
#704070 0#
#704080 1#
#704090 0#
#704101 1#
#704111 0#
#704153 1#
#704174 0#
#704184 1#
#704194 0#
#704247 1#
#704278 0#
#704288 1#
#704299 0#
#704309 1#
#704319 0#
#704330 1#
#704340 0#
#704361 1#
#704382 0#
#704392 1#
#704403 0#
#704424 1#
#704434 0#
#704455 1#
#704486 0#
#704497 1#
#704507 0#
#704569 1#
#704580 0#
#704601 1#
#704611 0#
#704642 1#
#704653 0#
#704674 1#
#704694 0#
#704705 1#
#704715 0#
#704726 1#
#704736 0#
#704757 1#
#704767 0#
#704778 1#
#704799 0#
#704809 1#
#704819 0#
#704830 1#
#704851 0#
#704871 1#
#704903 0#
#704913 1#
#704924 0#
#704934 1#
#704955 0#
#704986 1#
#705007 0#
#705017 1#
#705028 0#
#705038 1#
#705048 0#
#705090 1#
#705111 0#
#705121 1#
#705132 0#
#705153 1#
#705163 0#
#705184 1#
#705215 0#
#705226 1#
#705236 0#
#705267 1#
#705278 0#
#705298 1#
#705319 0#
#705330 1#
#705340 0#
#705351 1#
#705361 0#
#705371 1#
#705382 0#
#705403 1#
#705423 0#
#705434 1#
#705444 0#
#705475 1#
#705486 0#
#705507 1#
#705528 0#
#705538 1#
#705548 0#
#705569 1#
#705600 0#
#705611 1#
#705621 0#
#705642 1#
#705653 0#
#705663 1#
#705673 0#
#705684 1#
#705705 0#
#705746 1#
#705757 0#
#705778 1#
#705788 0#
#705798 1#
#705809 0#
#705850 1#
#705861 0#
#705871 1#
#705902 0#
#705913 1#
#705923 0#
#705934 1#
#705944 0#
#705955 1#
#705965 0#
#705986 1#
#705996 0#
#706017 1#
#706048 0#
#706059 1#
#706069 0#
#706080 1#
#706090 0#
#706111 1#
#706121 0#
#706132 1#
#706152 0#
#706163 1#
#706173 0#
#706205 1#
#706215 0#
#706225 1#
#706257 0#
#706267 1#
#706277 0#
#706288 1#
#706298 0#
#706309 1#
#706319 0#
#706340 1#
#706361 0#
#706371 1#
#706382 0#
#706444 1#
#706454 0#
#706475 1#
#706486 0#
#706538 1#
#706569 0#
#706579 1#
#706590 0#
#706611 1#
#706621 0#
#706642 1#
#706673 0#
#706684 1#
#706694 0#
#706704 1#
#706746 0#
#706756 1#
#706777 0#
#706788 1#
#706798 0#
#706829 1#
#706840 0#
#706850 1#
#706881 0#
#706892 1#
#706902 0#
#706913 1#
#706923 0#
#706934 1#
#706944 0#
#706965 1#
#706986 0#
#706996 1#
#707006 0#
#707017 1#
#707038 0#
#707069 1#
#707090 0#
#707100 1#
#707111 0#
#707142 1#
#707152 0#
#707163 1#
#707194 0#
#707204 1#
#707215 0#
#707225 1#
#707236 0#
#707256 1#
#707267 0#
#707277 1#
#707298 0#
#707308 1#
#707319 0#
#707340 1#
#707371 0#
#707381 1#
#707402 0#
#707413 1#
#707423 0#
#707433 1#
#707465 0#
#707486 1#
#707506 0#
#707517 1#
#707527 0#
#707590 1#
#707600 0#
#707621 1#
#707631 0#
#707663 1#
#707673 0#
#707683 1#
#707715 0#
#707725 1#
#707735 0#
#707777 1#
#707788 0#
#707798 1#
#707819 0#
#707829 1#
#707840 0#
#707850 1#
#707860 0#
#707871 1#
#707881 0#
#707902 1#
#707923 0#
#707933 1#
#707944 0#
#708006 1#
#708017 0#
#708037 1#
#708048 0#
#708058 1#
#708079 0#
#708110 1#
#708131 0#
#708142 1#
#708152 0#
#708162 1#
#708204 0#
#708215 1#
#708235 0#
#708246 1#
#708256 0#
#708267 1#
#708308 0#
#708319 1#
#708340 0#
#708350 1#
#708360 0#
#708371 1#
#708392 0#
#708402 1#
#708412 0#
#708423 1#
#708444 0#
#708454 1#
#708464 0#
#708475 1#
#708485 0#
#708506 1#
#708517 0#
#708527 1#
#708548 0#
#708558 1#
#708569 0#
#708579 1#
#708589 0#
#708600 1#
#708610 0#
#708631 1#
#708652 0#
#708662 1#
#708673 0#
#708735 1#
#708746 0#
#708767 1#
#708777 0#
#708787 1#
#708808 0#
#708829 1#
#708860 0#
#708871 1#
#708881 0#
#708912 1#
#708923 0#
#708933 1#
#708964 0#
#708975 1#
#708985 0#
#708996 1#
#709037 0#
#709048 1#
#709069 0#
#709079 1#
#709089 0#
#709110 1#
#709121 0#
#709141 1#
#709173 0#
#709183 1#
#709194 0#
#709204 1#
#709214 0#
#709256 1#
#709277 0#
#709287 1#
#709298 0#
#709308 1#
#709339 0#
#709360 1#
#709381 0#
#709391 1#
#709402 0#
#709412 1#
#709423 0#
#709433 1#
#709443 0#
#709464 1#
#709485 0#
#709496 1#
#709506 0#
#709527 1#
#709537 0#
#709548 1#
#709579 0#
#709600 1#
#709610 0#
#709673 1#
#709683 0#
#709704 1#
#709714 0#
#709756 1#
#709787 0#
#709808 1#
#709818 0#
#709829 1#
#709839 0#
#709870 1#
#709891 0#
#709912 1#
#709923 0#
#709933 1#
#709943 0#
#709964 1#
#709995 0#
#710016 1#
#710027 0#
#710048 1#
#710058 0#
#710079 1#
#710100 0#
#710120 1#
#710131 0#
#710193 1#
#710204 0#
#710225 1#
#710235 0#
#710245 1#
#710266 0#
#710297 1#
#710318 0#
#710329 1#
#710339 0#
#710350 1#
#710391 0#
#710402 1#
#710422 0#
#710433 1#
#710443 0#
#710454 1#
#710495 0#
#710506 1#
#710527 0#
#710537 1#
#710547 0#
#710558 1#
#710579 0#
#710589 1#
#710600 0#
#710610 1#
#710631 0#
#710641 1#
#710652 0#
#710662 1#
#710672 0#
#710693 1#
#710704 0#
#710714 1#
#710735 0#
#710745 1#
#710756 0#
#710766 1#
#710777 0#
#710787 1#
#710797 0#
#710818 1#
#710839 0#
#710849 1#
#710860 0#
#710870 1#
#710891 0#
#710912 1#
#710943 0#
#710954 1#
#710964 0#
#711027 1#
#711037 0#
#711058 1#
#711068 0#
#711079 1#
#711099 0#
#711120 1#
#711151 0#
#711162 1#
#711172 0#
#711183 1#
#711193 0#
#711235 1#
#711256 0#
#711266 1#
#711276 0#
#711297 1#
#711318 0#
#711329 1#
#711360 0#
#711370 1#
#711381 0#
#711391 1#
#711401 0#
#711412 1#
#711422 0#
#711443 1#
#711464 0#
#711474 1#
#711485 0#
#711516 1#
#711526 0#
#711547 1#
#711568 0#
#711578 1#
#711589 0#
#711610 1#
#711641 0#
#711651 1#
#711662 0#
#711683 1#
#711693 0#
#711703 1#
#711714 0#
#711724 1#
#711745 0#
#711787 1#
#711797 0#
#711818 1#
#711828 0#
#711839 1#
#711849 0#
#711891 1#
#711901 0#
#711922 1#
#711933 0#
#711953 1#
#711964 0#
#711974 1#
#711985 0#
#711995 1#
#712005 0#
#712016 1#
#712026 0#
#712037 1#
#712047 0#
#712058 1#
#712089 0#
#712099 1#
#712110 0#
#712141 1#
#712151 0#
#712172 1#
#712193 0#
#712203 1#
#712214 0#
#712224 1#
#712266 0#
#712276 1#
#712297 0#
#712308 1#
#712318 0#
#712349 1#
#712370 0#
#712380 1#
#712401 0#
#712412 1#
#712422 0#
#712474 1#
#712505 0#
#712516 1#
#712526 0#
#712568 1#
#712578 0#
#712589 1#
#712610 0#
#712620 1#
#712630 0#
#712651 1#
#712662 0#
#712672 1#
#712703 0#
#712724 1#
#712735 0#
#712797 1#
#712807 0#
#712828 1#
#712839 0#
#712859 1#
#712880 0#
#712912 1#
#712922 0#
#712932 1#
#712943 0#
#712953 1#
#712964 0#
#712984 1#
#712995 0#
#713005 1#
#713026 0#
#713037 1#
#713047 0#
#713078 1#
#713099 0#
#713109 1#
#713130 0#
#713141 1#
#713151 0#
#713162 1#
#713172 0#
#713182 1#
#713193 0#
#713214 1#
#713234 0#
#713245 1#
#713255 0#
#713266 1#
#713286 0#
#713307 1#
#713339 0#
#713349 1#
#713359 0#
#713370 1#
#713380 0#
#713401 1#
#713443 0#
#713453 1#
#713464 0#
#713474 1#
#713495 0#
#713516 1#
#713547 0#
#713557 1#
#713568 0#
#713599 1#
#713609 0#
#713620 1#
#713651 0#
#713661 1#
#713672 0#
#713682 1#
#713693 0#
#713703 1#
#713713 0#
#713734 1#
#713755 0#
#713766 1#
#713776 0#
#713786 1#
#713797 0#
#713807 1#
#713828 0#
#713838 1#
#713859 0#
#713870 1#
#713880 0#
#713943 1#
#713953 0#
#713974 1#
#713984 0#
#714005 1#
#714016 0#
#714036 1#
#714068 0#
#714078 1#
#714088 0#
#714099 1#
#714109 0#
#714120 1#
#714130 0#
#714151 1#
#714172 0#
#714182 1#
#714193 0#
#714203 1#
#714213 0#
#714234 1#
#714245 0#
#714255 1#
#714276 0#
#714286 1#
#714297 0#
#714318 1#
#714349 0#
#714359 1#
#714380 0#
#714390 1#
#714401 0#
#714432 1#
#714443 0#
#714463 1#
#714484 0#
#714495 1#
#714505 0#
#714515 1#
#714526 0#
#714536 1#
#714547 0#
#714567 1#
#714588 0#
#714599 1#
#714609 0#
#714620 1#
#714630 0#
#714640 1#
#714651 0#
#714672 1#
#714692 0#
#714703 1#
#714713 0#
#714734 1#
#714745 0#
#714765 1#
#714797 0#
#714807 1#
#714817 0#
#714828 1#
#714880 0#
#714890 1#
#714901 0#
#714911 1#
#714922 0#
#714942 1#
#714953 0#
#714974 1#
#715005 0#
#715015 1#
#715026 0#
#715036 1#
#715078 0#
#715088 1#
#715109 0#
#715119 1#
#715130 0#
#715140 1#
#715182 0#
#715192 1#
#715213 0#
#715224 1#
#715234 0#
#715265 1#
#715276 0#
#715286 1#
#715317 0#
#715328 1#
#715338 0#
#715401 1#
#715411 0#
#715432 1#
#715442 0#
#715453 1#
#715463 0#
#715474 1#
#715494 0#
#715505 1#
#715526 0#
#715536 1#
#715546 0#
#715557 1#
#715599 0#
#715609 1#
#715630 0#
#715640 1#
#715651 0#
#715661 1#
#715671 0#
#715682 1#
#715692 0#
#715703 1#
#715734 0#
#715744 1#
#715755 0#
#715776 1#
#715807 0#
#715817 1#
#715838 0#
#715849 1#
#715859 0#
#715890 1#
#715901 0#
#715911 1#
#715942 0#
#715953 1#
#715963 0#
#715973 1#
#715984 0#
#715994 1#
#716005 0#
#716026 1#
#716046 0#
#716057 1#
#716067 0#
#716098 1#
#716109 0#
#716130 1#
#716151 0#
#716161 1#
#716171 0#
#716234 1#
#716244 0#
#716265 1#
#716276 0#
#716286 1#
#716307 0#
#716328 1#
#716359 0#
#716369 1#
#716380 0#
#716390 1#
#716400 0#
#716411 1#
#716421 0#
#716432 1#
#716463 0#
#716473 1#
#716484 0#
#716494 1#
#716515 0#
#716546 1#
#716567 0#
#716578 1#
#716588 0#
#716598 1#
#716619 0#
#716650 1#
#716671 0#
#716682 1#
#716692 0#
#716703 1#
#716713 0#
#716723 1#
#716734 0#
#716755 1#
#716775 0#
#716786 1#
#716796 0#
#716807 1#
#716827 0#
#716848 1#
#716880 0#
#716890 1#
#716900 0#
#716911 1#
#716932 0#
#716952 1#
#716984 0#
#716994 1#
#717005 0#
#717025 1#
#717046 0#
#717067 1#
#717088 0#
#717098 1#
#717109 0#
#717119 1#
#717130 0#
#717140 1#
#717150 0#
#717161 1#
#717192 0#
#717202 1#
#717213 0#
#717244 1#
#717265 0#
#717275 1#
#717296 0#
#717307 1#
#717317 0#
#717348 1#
#717369 0#
#717379 1#
#717400 0#
#717411 1#
#717421 0#
#717432 1#
#717442 0#
#717463 1#
#717504 0#
#717515 1#
#717525 0#
#717546 1#
#717577 0#
#717588 1#
#717598 0#
#717619 1#
#717629 0#
#717640 1#
#717650 0#
#717661 1#
#717681 0#
#717723 1#
#717734 0#
#717754 1#
#717765 0#
#717775 1#
#717786 0#
#717827 1#
#717838 0#
#717848 1#
#717869 0#
#717890 1#
#717900 0#
#717911 1#
#717921 0#
#717931 1#
#717942 0#
#717973 1#
#717984 0#
#717994 1#
#718025 0#
#718036 1#
#718046 0#
#718056 1#
#718067 0#
#718108 1#
#718129 0#
#718140 1#
#718150 0#
#718171 1#
#718181 0#
#718202 1#
#718233 0#
#718244 1#
#718254 0#
#718286 1#
#718296 0#
#718306 1#
#718338 0#
#718348 1#
#718358 0#
#718369 1#
#718379 0#
#718400 1#
#718411 0#
#718421 1#
#718442 0#
#718452 1#
#718463 0#
#718483 1#
#718515 0#
#718525 1#
#718546 0#
#718556 1#
#718567 0#
#718577 1#
#718608 0#
#718629 1#
#718650 0#
#718660 1#
#718671 0#
#718733 1#
#718744 0#
#718765 1#
#718775 0#
#718785 1#
#718806 0#
#718827 1#
#718858 0#
#718869 1#
#718879 0#
#718890 1#
#718900 0#
#718921 1#
#718962 0#
#718973 1#
#718983 0#
#718994 1#
#719015 0#
#719035 1#
#719067 0#
#719077 1#
#719087 0#
#719119 1#
#719129 0#
#719140 1#
#719171 0#
#719181 1#
#719192 0#
#719202 1#
#719212 0#
#719223 1#
#719233 0#
#719254 1#
#719275 0#
#719285 1#
#719296 0#
#719306 1#
#719317 0#
#719327 1#
#719348 0#
#719358 1#
#719379 0#
#719389 1#
#719400 0#
#719431 1#
#719442 0#
#719462 1#
#719483 0#
#719494 1#
#719504 0#
#719525 1#
#719556 0#
#719567 1#
#719577 0#
#719598 1#
#719608 0#
#719629 1#
#719660 0#
#719671 1#
#719681 0#
#719702 1#
#719712 0#
#719733 1#
#719764 0#
#719775 1#
#719785 0#
#719806 1#
#719816 0#
#719879 1#
#719889 0#
#719910 1#
#719921 0#
#719952 1#
#719962 0#
#719973 1#
#719983 0#
#719994 1#
#720004 0#
#720014 1#
#720025 0#
#720066 1#
#720077 0#
#720087 1#
#720108 0#
#720119 1#
#720129 0#
#720139 1#
#720150 0#
#720160 1#
#720171 0#
#720191 1#
#720212 0#
#720223 1#
#720233 0#
#720296 1#
#720306 0#
#720327 1#
#720337 0#
#720348 1#
#720358 0#
#720368 1#
#720379 0#
#720400 1#
#720421 0#
#720431 1#
#720441 0#
#720473 1#
#720493 0#
#720504 1#
#720525 0#
#720535 1#
#720546 0#
#720566 1#
#720587 0#
#720598 1#
#720629 0#
#720639 1#
#720650 0#
#720660 1#
#720671 0#
#720681 1#
#720691 0#
#720712 1#
#720733 0#
#720743 1#
#720754 0#
#720764 1#
#720785 0#
#720806 1#
#720837 0#
#720848 1#
#720858 0#
#720920 1#
#720931 0#
#720952 1#
#720962 0#
#720973 1#
#720983 0#
#721025 1#
#721045 0#
#721056 1#
#721066 0#
#721087 1#
#721098 0#
#721118 1#
#721150 0#
#721160 1#
#721170 0#
#721181 1#
#721191 0#
#721202 1#
#721212 0#
#721233 1#
#721254 0#
#721264 1#
#721275 0#
#721337 1#
#721347 0#
#721368 1#
#721379 0#
#721400 1#
#721410 0#
#721441 1#
#721462 0#
#721472 1#
#721483 0#
#721493 1#
#721504 0#
#721514 1#
#721525 0#
#721535 1#
#721566 0#
#721577 1#
#721587 0#
#721597 1#
#721618 0#
#721639 1#
#721670 0#
#721681 1#
#721691 0#
#721702 1#
#721712 0#
#721733 1#
#721774 0#
#721785 1#
#721795 0#
#721858 1#
#721868 0#
#721889 1#
#721899 0#
#721910 1#
#721920 0#
#721962 1#
#721983 0#
#721993 1#
#722004 0#
#722014 1#
#722035 0#
#722056 1#
#722087 0#
#722097 1#
#722108 0#
#722118 1#
#722139 0#
#722160 1#
#722191 0#
#722201 1#
#722212 0#
#722222 1#
#722233 0#
#722243 1#
#722254 0#
#722274 1#
#722295 0#
#722306 1#
#722316 0#
#722326 1#
#722337 0#
#722347 1#
#722368 0#
#722379 1#
#722399 0#
#722410 1#
#722420 0#
#722441 1#
#722451 0#
#722483 1#
#722503 0#
#722514 1#
#722524 0#
#722556 1#
#722576 0#
#722587 1#
#722608 0#
#722618 1#
#722628 0#
#722639 1#
#722649 0#
#722670 1#
#722681 0#
#722691 1#
#722712 0#
#722722 1#
#722733 0#
#722753 1#
#722785 0#
#722795 1#
#722816 0#
#722826 1#
#722837 0#
#722847 1#
#722878 0#
#722899 1#
#722920 0#
#722930 1#
#722941 0#
#723003 1#
#723014 0#
#723035 1#
#723045 0#
#723097 1#
#723128 0#
#723139 1#
#723149 0#
#723170 1#
#723180 0#
#723201 1#
#723233 0#
#723243 1#
#723253 0#
#723264 1#
#723274 0#
#723285 1#
#723295 0#
#723316 1#
#723337 0#
#723347 1#
#723357 0#
#723368 1#
#723389 0#
#723410 1#
#723441 0#
#723451 1#
#723462 0#
#723472 1#
#723482 0#
#723493 1#
#723503 0#
#723524 1#
#723545 0#
#723555 1#
#723566 0#
#723587 1#
#723618 0#
#723628 1#
#723649 0#
#723660 1#
#723670 0#
#723701 1#
#723712 0#
#723722 1#
#723753 0#
#723764 1#
#723774 0#
#723784 1#
#723805 0#
#723826 1#
#723857 0#
#723868 1#
#723878 0#
#723899 1#
#723930 0#
#723941 1#
#723951 0#
#723972 1#
#723982 0#
#723993 1#
#724003 0#
#724014 1#
#724034 0#
#724076 1#
#724087 0#
#724107 1#
#724118 0#
#724128 1#
#724139 0#
#724180 1#
#724191 0#
#724201 1#
#724222 0#
#724243 1#
#724274 0#
#724284 1#
#724295 0#
#724305 1#
#724316 0#
#724336 1#
#724378 0#
#724389 1#
#724399 0#
#724409 1#
#724430 0#
#724451 1#
#724482 0#
#724493 1#
#724503 0#
#724534 1#
#724545 0#
#724555 1#
#724586 0#
#724597 1#
#724607 0#
#724618 1#
#724628 0#
#724638 1#
#724649 0#
#724670 1#
#724691 0#
#724701 1#
#724711 0#
#724722 1#
#724732 0#
#724743 1#
#724763 0#
#724774 1#
#724795 0#
#724805 1#
#724816 0#
#724847 1#
#724857 0#
#724878 1#
#724899 0#
#724909 1#
#724920 0#
#724930 1#
#724951 0#
#724961 1#
#724982 0#
#724993 1#
#725003 0#
#725013 1#
#725024 0#
#725034 1#
#725045 0#
#725076 1#
#725097 0#
#725118 1#
#725128 0#
#725138 1#
#725149 0#
#725159 1#
#725190 0#
#725201 1#
#725211 0#
#725222 1#
#725232 0#
#725253 1#
#725263 0#
#725274 1#
#725305 0#
#725326 1#
#725336 0#
#725399 1#
#725409 0#
#725430 1#
#725440 0#
#725472 1#
#725482 0#
#725492 1#
#725503 0#
#725513 1#
#725524 0#
#725534 1#
#725545 0#
#725555 1#
#725565 0#
#725586 1#
#725597 0#
#725607 1#
#725628 0#
#725638 1#
#725649 0#
#725659 1#
#725670 0#
#725680 1#
#725701 0#
#725711 1#
#725732 0#
#725742 1#
#725753 0#
#725763 1#
#725774 0#
#725784 1#
#725795 0#
#725815 1#
#725836 0#
#725847 1#
#725857 0#
#725919 1#
#725930 0#
#725951 1#
#725961 0#
#725972 1#
#725992 0#
#726013 1#
#726044 0#
#726055 1#
#726065 0#
#726076 1#
#726086 0#
#726107 1#
#726149 0#
#726159 1#
#726169 0#
#726190 1#
#726222 0#
#726232 1#
#726253 0#
#726263 1#
#726274 0#
#726284 1#
#726305 0#
#726336 1#
#726357 0#
#726367 1#
#726378 0#
#726419 1#
#726430 0#
#726440 1#
#726461 0#
#726471 1#
#726482 0#
#726503 1#
#726513 0#
#726534 1#
#726565 0#
#726576 1#
#726586 0#
#726596 1#
#726638 0#
#726649 1#
#726669 0#
#726680 1#
#726690 0#
#726711 1#
#726742 0#
#726753 1#
#726774 0#
#726784 1#
#726794 0#
#726805 1#
#726815 0#
#726836 1#
#726846 0#
#726857 1#
#726878 0#
#726888 1#
#726898 0#
#726919 1#
#726930 0#
#726940 1#
#726982 0#
#726992 1#
#727003 0#
#727013 1#
#727023 0#
#727034 1#
#727044 0#
#727065 1#
#727086 0#
#727096 1#
#727107 0#
#727138 1#
#727148 0#
#727169 1#
#727190 0#
#727201 1#
#727211 0#
#727273 1#
#727284 0#
#727305 1#
#727315 0#
#727325 1#
#727357 0#
#727367 1#
#727398 0#
#727409 1#
#727419 0#
#727430 1#
#727440 0#
#727461 1#
#727471 0#
#727482 1#
#727503 0#
#727513 1#
#727523 0#
#727555 1#
#727565 0#
#727575 1#
#727607 0#
#727617 1#
#727628 0#
#727669 1#
#727680 0#
#727690 1#
#727711 0#
#727721 1#
#727732 0#
#727794 1#
#727805 0#
#727825 1#
#727836 0#
#727846 1#
#727867 0#
#727888 1#
#727898 0#
#727909 1#
#727919 0#
#727930 1#
#727940 0#
#727950 1#
#727961 0#
#728002 1#
#728023 0#
#728034 1#
#728044 0#
#728065 1#
#728096 0#
#728107 1#
#728127 0#
#728138 1#
#728148 0#
#728179 1#
#728190 0#
#728200 1#
#728232 0#
#728242 1#
#728252 0#
#728263 1#
#728273 0#
#728315 1#
#728336 0#
#728346 1#
#728357 0#
#728367 1#
#728398 0#
#728419 1#
#728429 0#
#728450 1#
#728461 0#
#728471 1#
#728492 0#
#728513 1#
#728544 0#
#728554 1#
#728565 0#
#728627 1#
#728638 0#
#728659 1#
#728669 0#
#728679 1#
#728711 0#
#728721 1#
#728731 0#
#728742 1#
#728752 0#
#728763 1#
#728773 0#
#728784 1#
#728825 0#
#728836 1#
#728856 0#
#728867 1#
#728877 0#
#728898 1#
#728909 0#
#728929 1#
#728961 0#
#728971 1#
#728981 0#
#728992 1#
#729013 0#
#729023 1#
#729033 0#
#729044 1#
#729065 0#
#729075 1#
#729086 0#
#729096 1#
#729117 0#
#729138 1#
#729169 0#
#729179 1#
#729190 0#
#729231 1#
#729242 0#
#729252 1#
#729273 0#
#729283 1#
#729294 0#
#729304 1#
#729346 0#
#729356 1#
#729377 0#
#729388 1#
#729398 0#
#729450 1#
#729481 0#
#729492 1#
#729502 0#
#729565 1#
#729575 0#
#729596 1#
#729606 0#
#729617 1#
#729638 0#
#729669 1#
#729690 0#
#729700 1#
#729710 0#
#729742 1#
#729763 0#
#729773 1#
#729794 0#
#729804 1#
#729815 0#
#729825 1#
#729867 0#
#729877 1#
#729898 0#
#729908 1#
#729919 0#
#729929 1#
#729950 0#
#729981 1#
#730002 0#
#730012 1#
#730023 0#
#730033 1#
#730054 0#
#730065 1#
#730075 0#
#730085 1#
#730106 0#
#730117 1#
#730127 0#
#730148 1#
#730179 0#
#730190 1#
#730200 0#
#730221 1#
#730231 0#
#730242 1#
#730252 0#
#730262 1#
#730283 0#
#730325 1#
#730335 0#
#730356 1#
#730367 0#
#730377 1#
#730387 0#
#730429 1#
#730439 0#
#730450 1#
#730471 0#
#730492 1#
#730523 0#
#730533 1#
#730544 0#
#730554 1#
#730564 0#
#730585 1#
#730627 0#
#730637 1#
#730648 0#
#730658 1#
#730679 0#
#730700 1#
#730731 0#
#730741 1#
#730752 0#
#730783 1#
#730794 0#
#730804 1#
#730835 0#
#730846 1#
#730856 0#
#730866 1#
#730877 0#
#730887 1#
#730898 0#
#730919 1#
#730939 0#
#730950 1#
#730960 0#
#730971 1#
#730981 0#
#730991 1#
#731012 0#
#731023 1#
#731044 0#
#731054 1#
#731064 0#
#731096 1#
#731106 0#
#731127 1#
#731148 0#
#731158 1#
#731168 0#
#731179 1#
#731200 0#
#731210 1#
#731231 0#
#731241 1#
#731252 0#
#731262 1#
#731273 0#
#731283 1#
#731293 0#
#731325 1#
#731346 0#
#731366 1#
#731377 0#
#731387 1#
#731398 0#
#731408 1#
#731439 0#
#731450 1#
#731460 0#
#731471 1#
#731481 0#
#731502 1#
#731512 0#
#731523 1#
#731554 0#
#731575 1#
#731585 0#
#731648 1#
#731658 0#
#731679 1#
#731689 0#
#731720 1#
#731741 0#
#731762 1#
#731773 0#
#731783 1#
#731793 0#
#731804 1#
#731845 0#
#731856 1#
#731877 0#
#731887 1#
#731898 0#
#731908 1#
#731918 0#
#731960 1#
#731981 0#
#731991 1#
#732002 0#
#732033 1#
#732043 0#
#732064 1#
#732085 0#
#732095 1#
#732106 0#
#732116 1#
#732127 0#
#732137 1#
#732147 0#
#732168 1#
#732189 0#
#732200 1#
#732210 0#
#732241 1#
#732252 0#
#732272 1#
#732293 0#
#732304 1#
#732314 0#
#732377 1#
#732387 0#
#732408 1#
#732418 0#
#732429 1#
#732439 0#
#732450 1#
#732460 0#
#732491 1#
#732502 0#
#732512 1#
#732522 0#
#732543 1#
#732574 0#
#732585 1#
#732606 0#
#732616 1#
#732627 0#
#732637 1#
#732658 0#
#732689 1#
#732710 0#
#732720 1#
#732731 0#
#732752 1#
#732762 0#
#732783 1#
#732814 0#
#732824 1#
#732835 0#
#732845 1#
#732856 0#
#732877 1#
#732918 0#
#732929 1#
#732939 0#
#732991 1#
#733022 0#
#733033 1#
#733043 0#
#733074 1#
#733085 0#
#733095 1#
#733126 0#
#733137 1#
#733147 0#
#733158 1#
#733168 0#
#733189 1#
#733199 0#
#733210 1#
#733231 0#
#733241 1#
#733251 0#
#733262 1#
#733304 0#
#733314 1#
#733335 0#
#733345 1#
#733356 0#
#733376 1#
#733408 0#
#733418 1#
#733439 0#
#733449 1#
#733460 0#
#733522 1#
#733533 0#
#733553 1#
#733564 0#
#733574 1#
#733595 0#
#733616 1#
#733626 0#
#733637 1#
#733647 0#
#733658 1#
#733668 0#
#733678 1#
#733689 0#
#733699 1#
#733710 0#
#733731 1#
#733751 0#
#733762 1#
#733772 0#
#733793 1#
#733803 0#
#733824 1#
#733855 0#
#733866 1#
#733876 0#
#733897 1#
#733918 0#
#733928 1#
#733960 0#
#733970 1#
#733980 0#
#733991 1#
#734001 0#
#734022 1#
#734033 0#
#734043 1#
#734064 0#
#734074 1#
#734085 0#
#734095 1#
#734116 0#
#734147 1#
#734168 0#
#734178 1#
#734189 0#
#734199 1#
#734210 0#
#734220 1#
#734230 0#
#734251 1#
#734272 0#
#734282 1#
#734293 0#
#734355 1#
#734366 0#
#734387 1#
#734397 0#
#734407 1#
#734418 0#
#734428 1#
#734449 0#
#734460 1#
#734470 0#
#734491 1#
#734501 0#
#734564 1#
#734574 0#
#734595 1#
#734605 0#
#734626 1#
#734637 0#
#734647 1#
#734657 0#
#734668 1#
#734678 0#
#734699 1#
#734709 0#
#734730 1#
#734741 0#
#734751 1#
#734762 0#
#734772 1#
#734782 0#
#734803 1#
#734814 0#
#734824 1#
#734834 0#
#734887 1#
#734897 0#
#734907 1#
#734918 0#
#734928 1#
#734939 0#
#734949 1#
#734959 0#
#734991 1#
#735001 0#
#735012 1#
#735022 0#
#735032 1#
#735053 0#
#735074 1#
#735084 0#
#735095 1#
#735105 0#
#735116 1#
#735126 0#
#735136 1#
#735147 0#
#735157 1#
#735178 0#
#735189 1#
#735199 0#
#735220 1#
#735230 0#
#735251 1#
#735261 0#
#735282 1#
#735303 0#
#735324 1#
#735334 0#
#735345 1#
#735355 0#
#735366 1#
#735376 0#
#735386 1#
#735407 0#
#735428 1#
#735439 0#
#735459 1#
#735480 0#
#735491 1#
#735511 0#
#735532 1#
#735543 0#
#735605 1#
#735616 0#
#735636 1#
#735647 0#
#735657 1#
#735688 0#
#735699 1#
#735730 0#
#735741 1#
#735751 0#
#735761 1#
#735772 0#
#735793 1#
#735803 0#
#735813 1#
#735834 0#
#735845 1#
#735855 0#
#735886 1#
#735897 0#
#735907 1#
#735938 0#
#735949 1#
#735959 0#
#736001 1#
#736011 0#
#736022 1#
#736043 0#
#736053 1#
#736063 0#
#736126 1#
#736136 0#
#736157 1#
#736168 0#
#736178 1#
#736199 0#
#736240 1#
#736251 0#
#736261 1#
#736272 0#
#736293 1#
#736303 0#
#736345 1#
#736355 0#
#736365 1#
#736376 0#
#736386 1#
#736407 0#
#736449 1#
#736459 0#
#736470 1#
#736480 0#
#736542 1#
#736553 0#
#736574 1#
#736584 0#
#736595 1#
#736605 0#
#736615 1#
#736636 0#
#736647 1#
#736667 0#
#736678 1#
#736688 0#
#736699 1#
#736740 0#
#736751 1#
#736772 0#
#736782 1#
#736792 0#
#736824 1#
#736834 0#
#736855 1#
#736876 0#
#736886 1#
#736897 0#
#736907 1#
#736917 0#
#736928 1#
#736938 0#
#736959 1#
#736980 0#
#736990 1#
#737001 0#
#737022 1#
#737032 0#
#737042 1#
#737053 0#
#737063 1#
#737074 0#
#737094 1#
#737105 0#
#737126 1#
#737136 0#
#737147 1#
#737157 0#
#737167 1#
#737178 0#
#737199 1#
#737209 0#
#737219 1#
#737230 0#
#737240 1#
#737261 0#
#737303 1#
#737313 0#
#737334 1#
#737344 0#
#737355 1#
#737365 0#
#737407 1#
#737417 0#
#737428 1#
#737449 0#
#737469 1#
#737501 0#
#737511 1#
#737521 0#
#737532 1#
#737542 0#
#737563 1#
#737605 0#
#737615 1#
#737626 0#
#737636 1#
#737657 0#
#737678 1#
#737709 0#
#737719 1#
#737730 0#
#737761 1#
#737771 0#
#737782 1#
#737813 0#
#737823 1#
#737834 0#
#737844 1#
#737855 0#
#737865 1#
#737876 0#
#737896 1#
#737917 0#
#737928 1#
#737938 0#
#737948 1#
#737959 0#
#737969 1#
#737990 0#
#738001 1#
#738021 0#
#738032 1#
#738042 0#
#738073 1#
#738084 0#
#738105 1#
#738126 0#
#738136 1#
#738146 0#
#738157 1#
#738178 0#
#738188 1#
#738209 0#
#738219 1#
#738230 0#
#738240 1#
#738250 0#
#738261 1#
#738271 0#
#738303 1#
#738323 0#
#738344 1#
#738355 0#
#738365 1#
#738375 0#
#738386 1#
#738417 0#
#738428 1#
#738438 0#
#738448 1#
#738459 0#
#738480 1#
#738490 0#
#738500 1#
#738532 0#
#738553 1#
#738563 0#
#738625 1#
#738636 0#
#738657 1#
#738667 0#
#738677 1#
#738688 0#
#738698 1#
#738709 0#
#738740 1#
#738750 0#
#738761 1#
#738771 0#
#738792 1#
#738823 0#
#738834 1#
#738855 0#
#738865 1#
#738875 0#
#738886 1#
#738907 0#
#738938 1#
#738959 0#
#738969 1#
#738980 0#
#739000 1#
#739011 0#
#739032 1#
#739063 0#
#739073 1#
#739084 0#
#739094 1#
#739104 0#
#739125 1#
#739167 0#
#739177 1#
#739188 0#
#739240 1#
#739271 0#
#739282 1#
#739292 0#
#739323 1#
#739334 0#
#739344 1#
#739375 0#
#739386 1#
#739396 0#
#739407 1#
#739417 0#
#739438 1#
#739448 0#
#739459 1#
#739479 0#
#739490 1#
#739500 0#
#739511 1#
#739552 0#
#739563 1#
#739584 0#
#739594 1#
#739604 0#
#739625 1#
#739656 0#
#739667 1#
#739688 0#
#739698 1#
#739709 0#
#739771 1#
#739781 0#
#739802 1#
#739813 0#
#739823 1#
#739844 0#
#739854 1#
#739865 0#
#739886 1#
#739896 0#
#739906 1#
#739917 0#
#739927 1#
#739938 0#
#739948 1#
#739958 0#
#739979 1#
#740000 0#
#740011 1#
#740021 0#
#740031 1#
#740042 0#
#740063 1#
#740104 0#
#740115 1#
#740125 0#
#740188 1#
#740198 0#
#740219 1#
#740229 0#
#740271 1#
#740281 0#
#740292 1#
#740302 0#
#740323 1#
#740333 0#
#740344 1#
#740354 0#
#740365 1#
#740375 0#
#740385 1#
#740396 0#
#740406 1#
#740417 0#
#740427 1#
#740438 0#
#740490 1#
#740500 0#
#740510 1#
#740521 0#
#740531 1#
#740542 0#
#740594 1#
#740604 0#
#740615 1#
#740625 0#
#740635 1#
#740646 0#
#740656 1#
#740667 0#
#740677 1#
#740688 0#
#740719 1#
#740729 0#
#740740 1#
#740750 0#
#740771 1#
#740781 0#
#740802 1#
#740812 0#
#740823 1#
#740833 0#
#740844 1#
#740854 0#
#740865 1#
#740885 0#
#740927 1#
#740937 0#
#740948 1#
#740958 0#
#740969 1#
#740979 0#
#741031 1#
#741042 0#
#741052 1#
#741062 0#
#741073 1#
#741094 0#
#741115 1#
#741125 0#
#741135 1#
#741146 0#
#741156 1#
#741167 0#
#741177 1#
#741187 0#
#741198 1#
#741208 0#
#741239 1#
#741250 0#
#741260 1#
#741271 0#
#741281 1#
#741292 0#
#741312 1#
#741323 0#
#741333 1#
#741344 0#
#741364 1#
#741375 0#
#741396 1#
#741406 0#
#741417 1#
#741448 0#
#741469 1#
#741479 0#
#741542 1#
#741552 0#
#741573 1#
#741583 0#
#741604 1#
#741656 0#
#741677 1#
#741687 0#
#741719 1#
#741760 0#
#741781 1#
#741791 0#
#741812 1#
#741854 0#
#741864 1#
#741875 0#
#741885 1#
#741896 0#
#741916 1#
#741937 0#
#741948 1#
#741979 0#
#741989 1#
#742000 0#
#742031 1#
#742073 0#
#742093 1#
#742104 0#
#742135 1#
#742177 0#
#742198 1#
#742208 0#
#742239 1#
#742281 0#
#742302 1#
#742312 0#
#742333 1#
#742375 0#
#742385 1#
#742396 0#
#742406 1#
#742416 0#
#742437 1#
#742479 0#
#742489 1#
#742500 0#
#742510 1#
#742520 0#
#742541 1#
#742562 0#
#742573 1#
#742604 0#
#742614 1#
#742625 0#
#742645 1#
#742687 0#
#742698 1#
#742708 0#
#742718 1#
#742729 0#
#742750 1#
#742791 0#
#742802 1#
#742812 0#
#742823 1#
#742833 0#
#742854 1#
#742895 0#
#742906 1#
#742916 0#
#742927 1#
#742937 0#
#742958 1#
#743010 0#
#743031 1#
#743041 0#
#743062 1#
#743083 0#
#743093 1#
#743125 0#
#743135 1#
#743145 0#
#743166 1#
#743218 0#
#743239 1#
#743250 0#
#743270 1#
#743322 0#
#743343 1#
#743354 0#
#743385 1#
#743427 0#
#743447 1#
#743458 0#
#743479 1#
#743520 0#
#743531 1#
#743541 0#
#743552 1#
#743562 0#
#743583 1#
#743604 0#
#743614 1#
#743645 0#
#743656 1#
#743666 0#
#743697 1#
#743739 0#
#743760 1#
#743770 0#
#743802 1#
#743843 0#
#743864 1#
#743874 0#
#743906 1#
#743947 0#
#743968 1#
#743979 0#
#743999 1#
#744041 0#
#744051 1#
#744062 0#
#744072 1#
#744083 0#
#744104 1#
#744145 0#
#744156 1#
#744166 0#
#744176 1#
#744187 0#
#744208 1#
#744229 0#
#744239 1#
#744270 0#
#744281 1#
#744291 0#
#744312 1#
#744333 0#
#744343 1#
#744374 0#
#744385 1#
#744395 0#
#744416 1#
#744437 0#
#744447 1#
#744478 0#
#744489 1#
#744499 0#
#744520 1#
#744541 0#
#744551 1#
#744583 0#
#744593 1#
#744603 0#
#744624 1#
#744676 0#
#744697 1#
#744708 0#
#744728 1#
#744749 0#
#744760 1#
#744791 0#
#744801 1#
#744812 0#
#744833 1#
#744885 0#
#744905 1#
#744916 0#
#744978 1#
#744989 0#
#745010 1#
#745020 0#
#745030 1#
#745041 0#
#745051 1#
#745072 0#
#745114 1#
#745124 0#
#745145 1#
#745155 0#
#745166 1#
#745176 0#
#745218 1#
#745228 0#
#745239 1#
#745260 0#
#745280 1#
#745291 0#
#745301 1#
#745312 0#
#745322 1#
#745332 0#
#745364 1#
#745374 0#
#745385 1#
#745416 0#
#745426 1#
#745437 0#
#745447 1#
#745457 0#
#745499 1#
#745520 0#
#745530 1#
#745541 0#
#745562 1#
#745572 0#
#745593 1#
#745624 0#
#745634 1#
#745645 0#
#745676 1#
#745687 0#
#745697 1#
#745728 0#
#745739 1#
#745749 0#
#745759 1#
#745770 0#
#745791 1#
#745801 0#
#745812 1#
#745832 0#
#745843 1#
#745853 0#
#745874 1#
#745905 0#
#745916 1#
#745937 0#
#745947 1#
#745957 0#
#745968 1#
#745999 0#
#746020 1#
#746041 0#
#746051 1#
#746061 0#
#746124 1#
#746134 0#
#746155 1#
#746166 0#
#746197 1#
#746207 0#
#746218 1#
#746249 0#
#746259 1#
#746270 0#
#746311 1#
#746322 0#
#746332 1#
#746353 0#
#746364 1#
#746374 0#
#746384 1#
#746395 0#
#746405 1#
#746416 0#
#746436 1#
#746457 0#
#746468 1#
#746478 0#
#746541 1#
#746551 0#
#746572 1#
#746582 0#
#746624 1#
#746634 0#
#746655 1#
#746666 0#
#746676 1#
#746686 0#
#746697 1#
#746738 0#
#746749 1#
#746770 0#
#746780 1#
#746791 0#
#746822 1#
#746843 0#
#746853 1#
#746874 0#
#746884 1#
#746895 0#
#746905 1#
#746915 0#
#746936 1#
#746947 0#
#746957 1#
#746978 0#
#746988 1#
#746999 0#
#747030 1#
#747040 0#
#747061 1#
#747082 0#
#747093 1#
#747103 0#
#747113 1#
#747124 0#
#747165 1#
#747186 0#
#747197 1#
#747207 0#
#747218 1#
#747228 0#
#747249 1#
#747290 0#
#747301 1#
#747311 0#
#747322 1#
#747332 0#
#747342 1#
#747363 0#
#747374 1#
#747384 0#
#747405 1#
#747415 0#
#747447 1#
#747457 0#
#747467 1#
#747499 0#
#747509 1#
#747520 0#
#747561 1#
#747572 0#
#747582 1#
#747603 0#
#747613 1#
#747624 0#
#747634 1#
#747645 0#
#747655 1#
#747665 0#
#747686 1#
#747707 0#
#747717 1#
#747728 0#
#747738 1#
#747749 0#
#747759 1#
#747780 0#
#747790 1#
#747811 0#
#747822 1#
#747832 0#
#747842 1#
#747853 0#
#747863 1#
#747874 0#
#747894 1#
#747915 0#
#747926 1#
#747936 0#
#747967 1#
#747978 0#
#747999 1#
#748019 0#
#748030 1#
#748040 0#
#748103 1#
#748113 0#
#748134 1#
#748144 0#
#748155 1#
#748186 0#
#748217 1#
#748228 0#
#748238 1#
#748249 0#
#748269 1#
#748301 0#
#748321 1#
#748332 0#
#748342 1#
#748353 0#
#748363 1#
#748405 0#
#748426 1#
#748436 0#
#748446 1#
#748457 0#
#748467 1#
#748478 0#
#748488 1#
#748509 0#
#748530 1#
#748540 0#
#748551 1#
#748561 0#
#748571 1#
#748582 0#
#748592 1#
#748603 0#
#748634 1#
#748644 0#
#748655 1#
#748665 0#
#748728 1#
#748738 0#
#748759 1#
#748769 0#
#748801 1#
#748811 0#
#748842 1#
#748853 0#
#748863 1#
#748873 0#
#748884 1#
#748894 0#
#748915 1#
#748926 0#
#748936 1#
#748957 0#
#748967 1#
#748978 0#
#748988 1#
#749009 0#
#749030 1#
#749061 0#
#749071 1#
#749082 0#
#749134 1#
#749165 0#
#749175 1#
#749186 0#
#749217 1#
#749238 0#
#749248 1#
#749269 0#
#749280 1#
#749290 0#
#749300 1#
#749311 0#
#749353 1#
#749373 0#
#749384 1#
#749394 0#
#749405 1#
#749415 0#
#749436 1#
#749478 0#
#749488 1#
#749498 0#
#749561 1#
#749571 0#
#749592 1#
#749602 0#
#749613 1#
#749623 0#
#749634 1#
#749655 0#
#749675 1#
#749686 0#
#749696 1#
#749707 0#
#749717 1#
#749727 0#
#749769 1#
#749790 0#
#749800 1#
#749811 0#
#749832 1#
#749863 0#
#749873 1#
#749894 0#
#749905 1#
#749915 0#
#749925 1#
#749936 0#
#749977 1#
#749998 0#
#750009 1#
#750019 0#
#750029 1#
#750061 0#
#750082 1#
#750102 0#
#750113 1#
#750123 0#
#750134 1#
#750144 0#
#750154 1#
#750165 0#
#750186 1#
#750207 0#
#750217 1#
#750227 0#
#750248 1#
#750259 0#
#750279 1#
#750311 0#
#750321 1#
#750332 0#
#750394 1#
#750404 0#
#750425 1#
#750436 0#
#750477 1#
#750488 0#
#750498 1#
#750509 0#
#750529 1#
#750540 0#
#750550 1#
#750581 0#
#750602 1#
#750623 0#
#750634 1#
#750644 0#
#750675 1#
#750686 0#
#750706 1#
#750727 0#
#750738 1#
#750748 0#
#750759 1#
#750769 0#
#750779 1#
#750800 0#
#750811 1#
#750831 0#
#750842 1#
#750852 0#
#750863 1#
#750873 0#
#750894 1#
#750904 0#
#750915 1#
#750925 0#
#750946 1#
#750956 0#
#750977 1#
#751008 0#
#751019 1#
#751029 0#
#751050 1#
#751061 0#
#751081 1#
#751113 0#
#751123 1#
#751133 0#
#751154 1#
#751165 0#
#751186 1#
#751217 0#
#751227 1#
#751238 0#
#751258 1#
#751269 0#
#751279 1#
#751290 0#
#751300 1#
#751321 0#
#751363 1#
#751373 0#
#751394 1#
#751404 0#
#751415 1#
#751425 0#
#751467 1#
#751477 0#
#751488 1#
#751519 0#
#751540 1#
#751560 0#
#751571 1#
#751581 0#
#751613 1#
#751623 0#
#751644 1#
#751665 0#
#751675 1#
#751685 0#
#751696 1#
#751706 0#
#751717 1#
#751737 0#
#751748 1#
#751769 0#
#751779 1#
#751790 0#
#751800 1#
#751821 0#
#751831 1#
#751852 0#
#751862 1#
#751873 0#
#751883 1#
#751894 0#
#751925 1#
#751935 0#
#751946 1#
#751967 0#
#751987 1#
#751998 0#
#752008 1#
#752019 0#
#752029 1#
#752040 0#
#752050 1#
#752071 0#
#752092 1#
#752102 0#
#752123 1#
#752144 0#
#752154 1#
#752175 0#
#752196 1#
#752206 0#
#752217 1#
#752227 0#
#752237 1#
#752269 0#
#752279 1#
#752289 0#
#752300 1#
#752310 0#
#752331 1#
#752342 0#
#752352 1#
#752383 0#
#752404 1#
#752414 0#
#752477 1#
#752487 0#
#752508 1#
#752519 0#
#752539 1#
#752550 0#
#752560 1#
#752571 0#
#752581 1#
#752591 0#
#752612 1#
#752623 0#
#752644 1#
#752654 0#
#752664 1#
#752675 0#
#752685 1#
#752696 0#
#752716 1#
#752727 0#
#752737 1#
#752748 0#
#752758 1#
#752779 0#
#752800 1#
#752810 0#
#752821 1#
#752831 0#
#752841 1#
#752852 0#
#752862 1#
#752873 0#
#752894 1#
#752914 0#
#752925 1#
#752935 0#
#752956 1#
#752966 0#
#752987 1#
#753018 0#
#753029 1#
#753039 0#
#753060 1#
#753071 0#
#753091 1#
#753123 0#
#753133 1#
#753143 0#
#753154 1#
#753164 0#
#753185 1#
#753227 0#
#753237 1#
#753248 0#
#753310 1#
#753321 0#
#753341 1#
#753352 0#
#753362 1#
#753383 0#
#753425 1#
#753435 0#
#753445 1#
#753456 0#
#753498 1#
#753508 0#
#753518 1#
#753539 0#
#753550 1#
#753560 0#
#753581 1#
#753591 0#
#753612 1#
#753643 0#
#753654 1#
#753664 0#
#753675 1#
#753685 0#
#753706 1#
#753716 0#
#753727 1#
#753748 0#
#753758 1#
#753768 0#
#753779 1#
#753800 0#
#753820 1#
#753852 0#
#753862 1#
#753873 0#
#753904 1#
#753914 0#
#753925 1#
#753956 0#
#753966 1#
#753977 0#
#753987 1#
#753997 0#
#754008 1#
#754029 0#
#754039 1#
#754060 0#
#754070 1#
#754081 0#
#754091 1#
#754102 0#
#754143 1#
#754164 0#
#754175 1#
#754185 0#
#754195 1#
#754216 0#
#754237 1#
#754268 0#
#754279 1#
#754289 0#
#754300 1#
#754310 0#
#754352 1#
#754362 0#
#754383 1#
#754393 0#
#754414 1#
#754424 0#
#754435 1#
#754445 0#
#754456 1#
#754466 0#
#754487 1#
#754497 0#
#754518 1#
#754529 0#
#754539 1#
#754549 0#
#754560 1#
#754570 0#
#754591 1#
#754602 0#
#754664 1#
#754674 0#
#754695 1#
#754706 0#
#754716 1#
#754747 0#
#754779 1#
#754789 0#
#754799 1#
#754810 0#
#754831 1#
#754862 0#
#754883 1#
#754893 0#
#754904 1#
#754914 0#
#754924 1#
#754966 0#
#754987 1#
#754997 0#
#755008 1#
#755018 0#
#755029 1#
#755039 0#
#755049 1#
#755070 0#
#755091 1#
#755101 0#
#755112 1#
#755122 0#
#755133 1#
#755143 0#
#755154 1#
#755164 0#
#755195 1#
#755206 0#
#755216 1#
#755226 0#
#755289 1#
#755299 0#
#755320 1#
#755331 0#
#755362 1#
#755372 0#
#755403 1#
#755414 0#
#755424 1#
#755435 0#
#755445 1#
#755456 0#
#755476 1#
#755487 0#
#755497 1#
#755518 0#
#755528 1#
#755539 0#
#755549 1#
#755570 0#
#755591 1#
#755622 0#
#755633 1#
#755643 0#
#755695 1#
#755726 0#
#755737 1#
#755747 0#
#755778 1#
#755799 0#
#755810 1#
#755830 0#
#755841 1#
#755851 0#
#755862 1#
#755872 0#
#755914 1#
#755935 0#
#755945 1#
#755955 0#
#755966 1#
#755976 0#
#755997 1#
#756039 0#
#756049 1#
#756060 0#
#756122 1#
#756132 0#
#756153 1#
#756164 0#
#756174 1#
#756185 0#
#756195 1#
#756216 0#
#756237 1#
#756247 0#
#756257 1#
#756268 0#
#756278 1#
#756289 0#
#756330 1#
#756351 0#
#756362 1#
#756372 0#
#756393 1#
#756424 0#
#756435 1#
#756455 0#
#756466 1#
#756476 0#
#756487 1#
#756497 0#
#756539 1#
#756559 0#
#756570 1#
#756580 0#
#756591 1#
#756622 0#
#756643 1#
#756664 0#
#756674 1#
#756684 0#
#756695 1#
#756705 0#
#756716 1#
#756726 0#
#756747 1#
#756768 0#
#756778 1#
#756789 0#
#756809 1#
#756820 0#
#756841 1#
#756872 0#
#756882 1#
#756893 0#
#756955 1#
#756966 0#
#756986 1#
#756997 0#
#757007 1#
#757028 0#
#757049 1#
#757080 0#
#757091 1#
#757101 0#
#757132 1#
#757143 0#
#757153 1#
#757184 0#
#757195 1#
#757205 0#
#757216 1#
#757226 0#
#757268 1#
#757289 0#
#757299 1#
#757309 0#
#757330 1#
#757341 0#
#757361 1#
#757393 0#
#757403 1#
#757413 0#
#757445 1#
#757455 0#
#757466 1#
#757497 0#
#757507 1#
#757518 0#
#757528 1#
#757538 0#
#757549 1#
#757559 0#
#757580 1#
#757601 0#
#757611 1#
#757622 0#
#757653 1#
#757663 0#
#757684 1#
#757705 0#
#757716 1#
#757726 0#
#757747 1#
#757778 0#
#757788 1#
#757799 0#
#757820 1#
#757830 0#
#757840 1#
#757851 0#
#757861 1#
#757882 0#
#757924 1#
#757934 0#
#757955 1#
#757965 0#
#757976 1#
#757986 0#
#758028 1#
#758038 0#
#758070 1#
#758090 0#
#758111 1#
#758122 0#
#758132 1#
#758143 0#
#758153 1#
#758195 0#
#758205 1#
#758226 0#
#758236 1#
#758247 0#
#758257 1#
#758288 0#
#758309 1#
#758330 0#
#758340 1#
#758351 0#
#758361 1#
#758372 0#
#758392 1#
#758403 0#
#758413 1#
#758434 0#
#758445 1#
#758455 0#
#758476 1#
#758507 0#
#758517 1#
#758538 0#
#758549 1#
#758559 0#
#758580 1#
#758590 0#
#758601 1#
#758632 0#
#758653 1#
#758663 0#
#758726 1#
#758736 0#
#758757 1#
#758767 0#
#758778 1#
#758809 0#
#758819 1#
#758830 0#
#758840 1#
#758851 0#
#758861 1#
#758872 0#
#758882 1#
#758892 0#
#758903 1#
#758913 0#
#758934 1#
#758955 0#
#758965 1#
#758976 0#
#759007 1#
#759028 0#
#759038 1#
#759059 0#
#759069 1#
#759080 0#
#759090 1#
#759111 0#
#759142 1#
#759163 0#
#759174 1#
#759184 0#
#759194 1#
#759236 0#
#759246 1#
#759267 0#
#759278 1#
#759288 0#
#759299 1#
#759309 0#
#759319 1#
#759340 0#
#759351 1#
#759371 0#
#759382 1#
#759392 0#
#759403 1#
#759413 0#
#759424 1#
#759434 0#
#759455 1#
#759476 0#
#759486 1#
#759496 0#
#759559 1#
#759569 0#
#759590 1#
#759601 0#
#759632 1#
#759642 0#
#759653 1#
#759684 0#
#759694 1#
#759705 0#
#759715 1#
#759757 0#
#759767 1#
#759788 0#
#759798 1#
#759809 0#
#759871 1#
#759882 0#
#759903 1#
#759913 0#
#759923 1#
#759944 0#
#759965 1#
#759976 0#
#759986 1#
#759996 0#
#760007 1#
#760017 0#
#760028 1#
#760038 0#
#760080 1#
#760100 0#
#760111 1#
#760121 0#
#760142 1#
#760173 0#
#760184 1#
#760205 0#
#760215 1#
#760225 0#
#760257 1#
#760267 0#
#760278 1#
#760309 0#
#760319 1#
#760330 0#
#760340 1#
#760350 0#
#760392 1#
#760413 0#
#760423 1#
#760434 0#
#760444 1#
#760486 0#
#760507 1#
#760517 0#
#760527 1#
#760538 0#
#760548 1#
#760569 0#
#760590 1#
#760600 0#
#760611 1#
#760621 0#
#760632 1#
#760642 0#
#760652 1#
#760663 0#
#760705 1#
#760715 0#
#760736 1#
#760746 0#
#760809 1#
#760819 0#
#760840 1#
#760850 0#
#760882 1#
#760892 0#
#760902 1#
#760913 0#
#760923 1#
#760934 0#
#760944 1#
#760954 0#
#760965 1#
#760975 0#
#760996 1#
#761038 0#
#761048 1#
#761059 0#
#761111 1#
#761142 0#
#761152 1#
#761163 0#
#761173 1#
#761184 0#
#761194 1#
#761204 0#
#761225 1#
#761246 0#
#761257 1#
#761267 0#
#761329 1#
#761340 0#
#761361 1#
#761371 0#
#761381 1#
#761392 0#
#761413 1#
#761454 0#
#761465 1#
#761475 0#
#761486 1#
#761527 0#
#761538 1#
#761559 0#
#761569 1#
#761579 0#
#761590 1#
#761600 0#
#761611 1#
#761621 0#
#761631 1#
#761663 0#
#761673 1#
#761684 0#
#761704 1#
#761715 0#
#761736 1#
#761767 0#
#761777 1#
#761788 0#
#761850 1#
#761861 0#
#761881 1#
#761892 0#
#761902 1#
#761923 0#
#761944 1#
#761975 0#
#761986 1#
#761996 0#
#762006 1#
#762017 0#
#762027 1#
#762038 0#
#762058 1#
#762079 0#
#762090 1#
#762100 0#
#762111 1#
#762131 0#
#762163 1#
#762183 0#
#762194 1#
#762204 0#
#762225 1#
#762235 0#
#762256 1#
#762288 0#
#762298 1#
#762308 0#
#762319 1#
#762329 0#
#762340 1#
#762350 0#
#762371 1#
#762392 0#
#762402 1#
#762413 0#
#762444 1#
#762454 0#
#762465 1#
#762496 0#
#762506 1#
#762517 0#
#762579 1#
#762590 0#
#762610 1#
#762621 0#
#762662 1#
#762673 0#
#762683 1#
#762704 0#
#762715 1#
#762725 0#
#762735 1#
#762777 0#
#762787 1#
#762808 0#
#762819 1#
#762829 0#
#762860 1#
#762881 0#
#762892 1#
#762912 0#
#762923 1#
#762933 0#
#762944 1#
#762954 0#
#762975 1#
#762985 0#
#762996 1#
#763017 0#
#763027 1#
#763037 0#
#763069 1#
#763079 0#
#763100 1#
#763121 0#
#763131 1#
#763142 0#
#763152 1#
#763162 0#
#763204 1#
#763225 0#
#763235 1#
#763246 0#
#763256 1#
#763267 0#
#763287 1#
#763329 0#
#763339 1#
#763350 0#
#763412 1#
#763423 0#
#763444 1#
#763454 0#
#763464 1#
#763496 0#
#763506 1#
#763537 0#
#763548 1#
#763558 0#
#763569 1#
#763579 0#
#763600 1#
#763610 0#
#763621 1#
#763641 0#
#763652 1#
#763662 0#
#763673 1#
#763694 0#
#763714 1#
#763746 0#
#763756 1#
#763766 0#
#763808 1#
#763819 0#
#763829 1#
#763850 0#
#763860 1#
#763871 0#
#763933 1#
#763943 0#
#763964 1#
#763975 0#
#764006 1#
#764016 0#
#764027 1#
#764058 0#
#764068 1#
#764079 0#
#764089 1#
#764131 0#
#764141 1#
#764162 0#
#764173 1#
#764183 0#
#764246 1#
#764256 0#
#764277 1#
#764287 0#
#764308 1#
#764318 0#
#764350 1#
#764370 0#
#764381 1#
#764391 0#
#764402 1#
#764412 0#
#764423 1#
#764433 0#
#764454 1#
#764475 0#
#764485 1#
#764495 0#
#764506 1#
#764537 0#
#764558 1#
#764579 0#
#764589 1#
#764600 0#
#764610 1#
#764620 0#
#764641 1#
#764652 0#
#764662 1#
#764683 0#
#764693 1#
#764704 0#
#764725 1#
#764756 0#
#764766 1#
#764787 0#
#764797 1#
#764808 0#
#764829 1#
#764860 0#
#764870 1#
#764881 0#
#764902 1#
#764912 0#
#764975 1#
#764985 0#
#765006 1#
#765016 0#
#765027 1#
#765037 0#
#765089 1#
#765100 0#
#765110 1#
#765120 0#
#765152 1#
#765172 0#
#765183 1#
#765204 0#
#765214 1#
#765224 0#
#765256 1#
#765277 0#
#765287 1#
#765308 0#
#765318 1#
#765329 0#
#765391 1#
#765402 0#
#765422 1#
#765433 0#
#765443 1#
#765454 0#
#765464 1#
#765485 0#
#765495 1#
#765516 0#
#765527 1#
#765537 0#
#765547 1#
#765558 0#
#765568 1#
#765579 0#
#765599 1#
#765620 0#
#765631 1#
#765641 0#
#765651 1#
#765672 0#
#765693 1#
#765724 0#
#765735 1#
#765745 0#
#765756 1#
#765776 0#
#765797 1#
#765829 0#
#765839 1#
#765849 0#
#765860 1#
#765870 0#
#765912 1#
#765933 0#
#765943 1#
#765954 0#
#765964 1#
#765995 0#
#766016 1#
#766037 0#
#766047 1#
#766058 0#
#766068 1#
#766078 0#
#766089 1#
#766099 0#
#766120 1#
#766141 0#
#766151 1#
#766162 0#
#766172 1#
#766193 0#
#766214 1#
#766245 0#
#766256 1#
#766266 0#
#766328 1#
#766339 0#
#766360 1#
#766370 0#
#766381 1#
#766391 0#
#766433 1#
#766453 0#
#766464 1#
#766474 0#
#766495 1#
#766505 0#
#766526 1#
#766558 0#
#766568 1#
#766578 0#
#766589 1#
#766599 0#
#766610 1#
#766620 0#
#766641 1#
#766662 0#
#766672 1#
#766683 0#
#766745 1#
#766755 0#
#766776 1#
#766787 0#
#766797 1#
#766808 0#
#766818 1#
#766828 0#
#766849 1#
#766870 0#
#766880 1#
#766891 0#
#766912 1#
#766943 0#
#766953 1#
#766974 0#
#766985 1#
#766995 0#
#767005 1#
#767026 0#
#767057 1#
#767078 0#
#767089 1#
#767099 0#
#767120 1#
#767130 0#
#767151 1#
#767182 0#
#767193 1#
#767203 0#
#767214 1#
#767224 0#
#767245 1#
#767287 0#
#767297 1#
#767307 0#
#767359 1#
#767391 0#
#767401 1#
#767412 0#
#767443 1#
#767453 0#
#767464 1#
#767495 0#
#767505 1#
#767516 0#
#767526 1#
#767537 0#
#767547 1#
#767557 0#
#767578 1#
#767599 0#
#767609 1#
#767620 0#
#767651 1#
#767662 0#
#767682 1#
#767703 0#
#767714 1#
#767724 0#
#767745 1#
#767776 0#
#767786 1#
#767797 0#
#767818 1#
#767828 0#
#767839 1#
#767849 0#
#767859 1#
#767880 0#
#767922 1#
#767932 0#
#767953 1#
#767964 0#
#767974 1#
#767984 0#
#768026 1#
#960512
